year(Fecha);Ciudad;Semana;RH;PS,,
2010;Barranquilla;1;77,97714286;100,5128571
2010;Bogota;1;54,26714286;82,19857143
2010;Cali;1;72,21;79,13428571
2010;Medellin;1;81,04;81,51428571
2011;Bogota;1;84,85714286;82,14428571
2011;Cali;1;89,05142857;79,9857143
2011;Medellin;1;89,87142857;81,43142857
2011;Barranquilla;1;81,23428571;100,5228571
2012;Bogota;1;84,74428571;82,34428571
2012;Cali;1;89,51714286;79,29
2012;Medellin;1;91,45428571;81,60571429
2012;Barranquilla;1;84,17428571;100,7242857
2013;Bogota;1;73,98142857;82,26857143
2013;Cali;1;80,85571429;79,20571429
2013;Medellin;1;84,60285714;81,57142857
2013;Barranquilla;1;76,59285714;100,5071429
2014;Bogota;1;82,60571429;82,20142857
2014;Cali;1;87,28714286;79,15
2014;Medellin;1;91,70285714;81,47714286
2014;Barranquilla;1;78,08428571;100,4457143
2015;Bogota;1;71,60857143;82,29428571
2015;Cali;1;76,67571429;79,19
2015;Barranquilla;1;74,77428571;100,58
2016;Bogota;1;69,99;82,31857143
2016;Cali;1;82,48857143;79,26714286
2016;Medellin;1;87,88142857;81,59428571
2016;Barranquilla;1;80,45285714;100,57
2017;Bogota;1;77,89;82,27
2017;Medellin;1;89,92;81,54857143
2017;Barranquilla;1;83,49571429;100,5357143
2018;Bogota;1;86,4;82,38428571
2018;Cali;1;91,23142857;79,31142857
2018;Medellin;1;89,36285714;81,66714286
2018;Barranquilla;1;85,71142857;100,6957143
2019;Bogota;1;76,04857143;82,28142857
2019;Cali;1;80,95285714;79,20142857
2019;Medellin;1;84,42428571;81,57142857
2019;Barranquilla;1;78,29428571;100,5257143
2020;Bogota;1;82,50714286;82,4
2020;Cali;1;87,85571429;79,34
2020;Medellin;1;86,42571429;81,69571429
2020;Barranquilla;1;75,83285714;100,7457143
2010;Barranquilla;2;75,57;100,5871429
2010;Cali;2;75,53142857;79,20142857
2010;Medellin;2;81,06285714;81,55428571
2011;Cali;2;86,58571429;79,10142857
2011;Medellin;2;88,14285714;81,45285714
2011;Barranquilla;2;84,70428571;100,4357143
2012;Bogota;2;80,91714286;82,26142857
2012;Cali;2;87,86285714;79,21
2012;Medellin;2;89,10571429;81,54714286
2012;Barranquilla;2;83,56142857;100,5728571
2013;Cali;2;85,65142857;79,12571429
2013;Medellin;2;86,22;81,48285714
2013;Barranquilla;2;75,68571429;100,4671429
2014;Bogota;2;78,81857143;82,30142857
2014;Cali;2;86,95285714;79,22714286
2014;Medellin;2;88,44857143;81,57571429
2014;Barranquilla;2;73,61428571;100,5757143
2015;Cali;2;80,39428571;79,2
2015;Medellin;2;83,74285714;81,57
2015;Barranquilla;2;79,60428571;100,5428571
2016;Bogota;2;73,11142857;82,32714286
2016;Cali;2;87,51428571;79,31
2016;Medellin;2;87,24285714;81,63571429
2016;Barranquilla;2;75,96;100,6671429
2017;Bogota;2;83,09857143;82,3
2017;Cali;2;88,76571429;79,21714286
2017;Medellin;2;89,11857143;81,55428571
2017;Barranquilla;2;78,94285714;100,7371429
2018;Bogota;2;84,57857143;82,32428571
2018;Cali;2;89,36;79,26571429
2018;Medellin;2;89,53571429;81,60571429
2018;Barranquilla;2;79,83285714;100,62
2019;Bogota;2;83,41428571;82,37428571
2019;Medellin;2;89,69142857;81,66142857
2019;Barranquilla;2;77,38142857;100,8257143
2020;Bogota;2;74,37714286;82,25428571
2020;Cali;2;78,73714286;79,15
2020;Medellin;2;81,91714286;81,54428571
2020;Barranquilla;2;72,93714286;100,5342857
2010;Barranquilla;3;75,62;100,4571429
2010;Bogota;3;52,64285714;82,25714286
2010;Cali;3;70,94714286;79,20285714
2010;Medellin;3;79,22285714;81,55714286
2011;Bogota;3;80,79571429;82,15857143
2011;Cali;3;86,44285714;79,11571429
2011;Medellin;3;88,50571429;81,44285714
2011;Barranquilla;3;83,14285714;100,4585714
2012;Bogota;3;83,04428571;82,29
2012;Cali;3;90,60571429;79,21285714
2012;Medellin;3;90,28714286;81,54857143
2012;Barranquilla;3;79,88;100,6971429
2013;Bogota;3;81,55428571;82,22714286
2013;Cali;3;85,65857143;79,17714286
2013;Medellin;3;89,38285714;81,50857143
2013;Barranquilla;3;75,99285714;100,6
2014;Bogota;3;79,22285714;82,26857143
2014;Medellin;3;88,82714286;81,54142857
2014;Barranquilla;3;77,03;100,5314286
2015;Cali;3;87,86714286;79,28142857
2015;Medellin;3;89,72857143;81,62857143
2015;Barranquilla;3;79,99714286;100,6628571
2016;Cali;3;79,25285714;79,26285714
2016;Medellin;3;77,79142857;81,61
2016;Barranquilla;3;76,65;100,6128571
2017;Bogota;3;84,70428571;82,31
2017;Cali;3;89,70428571;79,25
2017;Medellin;3;89,34;81,57285714
2018;Bogota;3;79,47;82,25857143
2018;Cali;3;87,50285714;79,20142857
2018;Medellin;3;89,46714286;81,55571429
2019;Bogota;3;75,68428571;82,32571429
2019;Cali;3;81,25285714;79,25428571
2019;Barranquilla;3;77,42571429;100,6728571
2020;Bogota;3;78,02857143;82,26714286
2020;Cali;3;82,48714286;79,19571429
2020;Medellin;3;86,45;81,55714286
2020;Barranquilla;3;77,53428571;100,4714286
2010;Bogota;4;63,69285714;82,17571429
2010;Medellin;4;87,45;81,47
2011;Bogota;4;77,47857143;82,16857143
2011;Medellin;4;86,60285714;81,45285714
2012;Bogota;4;85,00142857;82,21571429
2012;Medellin;4;89,85;81,48714286
2012;Barranquilla;4;79,60142857;100,6171429
2013;Bogota;4;78,38;82,35857143
2013;Cali;4;84,59142857;79,30857143
2013;Medellin;4;87,63142857;81,64857143
2013;Barranquilla;4;76,73142857;100,73
2014;Bogota;4;80,18857143;82,25571429
2014;Cali;4;87,2;79,2
2014;Medellin;4;88,63428571;81,52428571
2014;Barranquilla;4;73,95;100,6028571
2015;Medellin;4;88,81571429;81,56571429
2015;Barranquilla;4;77,09142857;100,6328571
2016;Bogota;4;62,65571429;82,35
2016;Cali;4;77,01571429;79,29142857
2016;Medellin;4;77,67571429;81,63428571
2016;Barranquilla;4;74,56;100,6514286
2017;Bogota;4;77,55285714;82,38714286
2017;Cali;4;85,60571429;79,32142857
2017;Medellin;4;85,21857143;81,67
2017;Barranquilla;4;77,17714286;100,7942857
2018;Bogota;4;76,26;82,12571429
2018;Cali;4;84,85571429;79,5428571
2018;Medellin;4;87,00285714;81,41857143
2018;Barranquilla;4;76,27142857;100,38
2019;Bogota;4;76,26142857;82,29
2019;Cali;4;81,21;79,21285714
2019;Medellin;4;87,05428571;81,55428571
2019;Barranquilla;4;76,83571429;100,5414286
2020;Bogota;4;84,89;82,42142857
2020;Cali;4;88,70714286;79,38142857
2020;Medellin;4;88,33714286;81,70285714
2020;Barranquilla;4;80,59285714;100,8371429
2010;Barranquilla;5;74,97142857;100,2314286
2010;Bogota;5;54,34571429;82,5
2010;Cali;5;71,83857143;79,2571429
2010;Medellin;5;81,74;81,36428571
2011;Bogota;5;77,24142857;82,29285714
2011;Cali;5;83,33714286;79,21857143
2011;Medellin;5;87,58;81,56285714
2011;Barranquilla;5;79,26857143;100,6257143
2012;Bogota;5;79,73;82,11285714
2012;Medellin;5;90,36142857;81,39142857
2012;Barranquilla;5;77,12571429;100,4485714
2013;Bogota;5;78,97;82,24571429
2013;Cali;5;84,49571429;79,19571429
2013;Barranquilla;5;74,73428571;100,5842857
2014;Bogota;5;79,80428571;82,16571429
2014;Cali;5;86,63571429;79,12857143
2014;Medellin;5;89,82571429;81,45
2014;Barranquilla;5;71,70428571;100,4671429
2015;Bogota;5;76,72142857;82,25142857
2015;Cali;5;82,09857143;79,17857143
2015;Medellin;5;87,82285714;81,53285714
2015;Barranquilla;5;74,76142857;100,5257143
2016;Bogota;5;62,25571429;82,29857143
2016;Cali;5;78,23857143;79,25428571
2016;Medellin;5;76,20571429;81,58142857
2016;Barranquilla;5;71,76714286;100,6257143
2017;Cali;5;84,39285714;79,23714286
2017;Medellin;5;88,70142857;81,58
2017;Barranquilla;5;78,48714286;100,6185714
2018;Bogota;5;80,29857143;82,11
2018;Cali;5;87,79571429;79,5285714
2018;Medellin;5;87,69428571;81,38285714
2018;Barranquilla;5;75,50142857;100,4242857
2019;Bogota;5;79,44;82,27714286
2019;Medellin;5;86,76285714;81,55857143
2019;Barranquilla;5;74,56428571;100,6342857
2020;Bogota;5;75,25428571;82,37
2020;Cali;5;84,90571429;79,31857143
2020;Medellin;5;83,62714286;81,67285714
2020;Barranquilla;5;74,90285714;100,66
2010;Barranquilla;6;78,16571429;100,4057143
2010;Bogota;6;63,60714286;82,15571429
2010;Cali;6;82,42428571;79,15428571
2010;Medellin;6;87,51714286;81,46428571
2011;Barranquilla;6;78,95142857;100,57
2011;Bogota;6;84,03428571;82,21285714
2011;Cali;6;89,54142857;79,14428571
2011;Medellin;6;88,86428571;81,50571429
2012;Bogota;6;81,88142857;82,24142857
2012;Cali;6;88,43571429;79,19142857
2012;Medellin;6;90,04285714;81,53285714
2012;Barranquilla;6;82,11142857;100,5385714
2013;Bogota;6;85,93;82,27285714
2013;Medellin;6;92,18142857;81,53285714
2013;Barranquilla;6;75,18857143;100,6614286
2014;Bogota;6;79,65571429;82,19571429
2014;Cali;6;85,82428571;79,15285714
2014;Medellin;6;90,02285714;81,48428571
2014;Barranquilla;6;74,65428571;100,4771429
2015;Bogota;6;82,85857143;82,31
2015;Cali;6;88,11857143;79,26142857
2015;Medellin;6;91,09142857;81,58428571
2015;Barranquilla;6;77,25428571;100,6628571
2016;Bogota;6;65,52285714;82,3
2016;Cali;6;78,04;79,24
2016;Medellin;6;78,23;81,57714286
2016;Barranquilla;6;74,27857143;100,6114286
2017;Bogota;6;67,63857143;82,27857143
2017;Cali;6;80,46428571;79,22142857
2017;Medellin;6;82,83142857;81,57285714
2017;Barranquilla;6;77,00142857;100,5757143
2018;Bogota;6;79,52;82,21142857
2018;Cali;6;87,59285714;79,15428571
2018;Medellin;6;86,98714286;81,47714286
2019;Bogota;6;78,93428571;82,19571429
2019;Cali;6;86;79,13857143,
2019;Medellin;6;87,80571429;81,48
2019;Barranquilla;6;73,49142857;100,5571429
2020;Bogota;6;71,20428571;82,35857143
2020;Medellin;6;79,48428571;81,64428571
2020;Barranquilla;6;71,63857143;100,6071429
2010;Barranquilla;7;76,24571429;100,4071429
2010;Bogota;7;57,39571429;82,13571429
2010;Cali;7;77,27857143;79,12857143
2011;Barranquilla;7;79,80857143;100,6742857
2011;Bogota;7;83,00571429;82,31714286
2011;Cali;7;90,24571429;79,26714286
2011;Medellin;7;90,59714286;81,58
2012;Cali;7;89,57;79,25142857
2012;Barranquilla;7;77,66857143;100,7114286
2013;Bogota;7;82,24142857;82,27428571
2013;Cali;7;84,75428571;79,21
2013;Medellin;7;88,85;81,55857143
2013;Barranquilla;7;72,18857143;100,6071429
2014;Bogota;7;77,65857143;82,24
2014;Cali;7;86,30857143;79,19
2014;Medellin;7;88,57285714;81,53714286
2014;Barranquilla;7;74,84857143;100,5257143
2015;Bogota;7;77,43428571;82,33714286
2015;Cali;7;83,24428571;79,27
2015;Medellin;7;87,49571429;81,61285714
2015;Barranquilla;7;76,86142857;100,6528571
2016;Bogota;7;64,40285714;82,17
2016;Cali;7;78,24428571;79,12714286
2016;Medellin;7;77,46714286;81,44
2016;Barranquilla;7;74,14142857;100,4014286
2017;Bogota;7;74,49714286;82,39
2017;Medellin;7;82,43857143;81,67571429
2017;Barranquilla;7;75,88;100,7985714
2018;Bogota;7;79,29428571;82,31285714
2018;Cali;7;87,84571429;79,23428571
2018;Medellin;7;87,95857143;81,58714286
2018;Barranquilla;7;72,45142857;100,7328571
2019;Bogota;7;79,51571429;82,36
2019;Cali;7;84,06857143;79,30285714
2019;Medellin;7;85,82;81,64
2019;Barranquilla;7;78,43;100,6142857
2020;Bogota;7;73,65428571;82,22428571
2020;Cali;7;78,98857143;79,15142857
2020;Medellin;7;80,35285714;81,50428571
2020;Barranquilla;7;71,44857143;100,4128571
2010;Barranquilla;8;77,03857143;100,4557143
2010;Bogota;8;65,53714286;82,24142857
2010;Cali;8;77,98142857;79,22142857
2010;Medellin;8;84,76857143;81,55142857
2011;Barranquilla;8;76,65714286;100,6371429
2011;Bogota;8;83,27714286;82,23714286
2011;Cali;8;88,83;79,18
2011;Medellin;8;86,99;81,50142857
2012;Bogota;8;78,26;82,24
2012;Cali;8;86,35714286;79,18
2012;Medellin;8;84,22714286;81,53
2012;Barranquilla;8;76,75571429;100,5785714
2013;Bogota;8;78,19;82,16571429
2013;Cali;8;82,30428571;79,10714286
2013;Medellin;8;87,45857143;81,46
2013;Barranquilla;8;73,56428571;100,38
2014;Bogota;8;82,07142857;82,17571429
2014;Medellin;8;90,16428571;81,46142857
2014;Barranquilla;8;72,72285714;100,5042857
2015;Bogota;8;78,32142857;82,25714286
2015;Cali;8;84,00285714;79,21428571
2015;Medellin;8;89,11714286;81,53285714
2016;Cali;8;82,45428571;79,16571429
2016;Medellin;8;82,93571429;81,48142857
2016;Barranquilla;8;73,66571429;100,4471429
2017;Bogota;8;79,13428571;82,35571429
2017;Cali;8;84,29142857;79,32142857
2017;Medellin;8;85,71857143;81,64571429
2018;Cali;8;88,14;79,28428571
2018;Medellin;8;88,95714286;81,61428571
2018;Barranquilla;8;72,56714286;100,7671429
2019;Bogota;8;78,16428571;82,31428571
2019;Cali;8;84,85285714;79,25714286
2019;Medellin;8;88,66142857;81,60285714
2019;Barranquilla;8;72,62285714;100,5614286
2020;Bogota;8;83,13714286;82,31571429
2020;Cali;8;86,41;79,27571429
2020;Medellin;8;88,1;81,58857143
2020;Barranquilla;8;76,16142857;100,6557143
2010;Barranquilla;9;79,04857143;100,5528571
2010;Cali;9;77,39142857;79,26285714
2010;Medellin;9;84,66285714;81,60857143
2011;Barranquilla;9;76,90428571;100,62
2011;Bogota;9;84,46571429;82,23428571
2011;Cali;9;87,73;79,17857143
2011;Medellin;9;87,77571429;81,5
2012;Bogota;9;78,95714286;82,21285714
2012;Cali;9;87,64857143;79,14857143
2012;Medellin;9;86,04571429;81,50571429
2012;Barranquilla;9;73,82142857;100,5371429
2013;Bogota;9;79,46142857;82,20857143
2013;Cali;9;84,07714286;79,16857143
2013;Medellin;9;89,86142857;81,48571429
2013;Barranquilla;9;78,73142857;100,4357143
2014;Bogota;9;86,16285714;82,27714286
2014;Cali;9;88,37;79,23285714
2014;Medellin;9;89,13857143;81,54857143
2014;Barranquilla;9;75,09857143;100,63
2015;Bogota;9;77,45;82,23857143
2015;Cali;9;84,32428571;79,18428571
2015;Medellin;9;88,1;81,51714286
2015;Barranquilla;9;70,88142857;100,5242857
2016;Bogota;9;69,72428571;82,28142857
2016;Cali;9;81,44142857;79,25571429
2016;Medellin;9;76,97285714;81,57857143
2016;Barranquilla;9;73,04714286;100,6114286
2017;Bogota;9;76,49;82,28142857
2017;Medellin;9;87,29714286;81,58571429
2017;Barranquilla;9;72,01714286;100,6357143
2018;Bogota;9;81,05142857;82,31714286
2018;Cali;9;86,32285714;79,23857143
2018;Medellin;9;84,80142857;81,57857143
2018;Barranquilla;9;75,43571429;100,7671429
2019;Bogota;9;80,21714286;82,38285714
2019;Cali;9;86,04285714;79,31571429
2019;Medellin;9;87,16285714;81,65857143
2019;Barranquilla;9;74,82285714;100,6514286
2020;Bogota;9;82,03571429;82,41857143
2020;Cali;9;87,06285714;79,35428571
2020;Medellin;9;87,49857143;81,70285714
2020;Barranquilla;9;74,44;100,7514286
2010;Barranquilla;10;81,27;100,4614286
2010;Cali;10;78,10428571;79,17428571
2010;Medellin;10;85,53285714;81,50857143
2011;Bogota;10;87,04;82,29571429
2011;Cali;10;88,38285714;79,25428571
2011;Medellin;10;88,72571429;81,56142857
2012;Bogota;10;80,68857143;82,20428571
2012;Cali;10;85,61142857;79,11714286
2012;Medellin;10;88,76857143;81,48571429
2012;Barranquilla;10;74,65428571;100,4785714
2013;Bogota;10;79,25571429;82,29142857
2013;Cali;10;83,77;79,23714286
2013;Barranquilla;10;77,94428571;100,5542857
2014;Bogota;10;86,83428571;82,35
2014;Cali;10;89,36857143;79,30428571
2014;Medellin;10;91,50428571;81,61571429
2015;Bogota;10;74,75;82,13428571
2015;Cali;10;82,35571429;79,7714286
2015;Medellin;10;84,38857143;81,42571429
2015;Barranquilla;10;69,73142857;100,3957143
2016;Bogota;10;76,27857143;82,41428571
2016;Cali;10;86,21714286;79,38714286
2016;Medellin;10;84,06285714;81,70428571
2016;Barranquilla;10;74,10285714;100,75
2017;Bogota;10;81,39571429;82,25142857
2017;Cali;10;86,95142857;79,19714286
2017;Medellin;10;91,32;81,53714286
2017;Barranquilla;10;73,41428571;100,5614286
2018;Cali;10;83,85571429;79,14428571
2018;Medellin;10;85,46285714;81,5
2018;Barranquilla;10;76,74857143;100,5071429
2019;Cali;10;83,80714286;79,22285714
2019;Medellin;10;87,89285714;81,56142857
2019;Barranquilla;10;75,96714286;100,5857143
2020;Cali;10;84,02714286;79,3
2020;Medellin;10;83,86857143;81,65714286
2020;Barranquilla;10;73,45428571;100,6785714
2010;Barranquilla;11;79,80142857;100,4814286
2010;Bogota;11;65,51857143;82,28142857
2010;Cali;11;77,33428571;79,25571429
2010;Medellin;11;84,71857143;81,58714286
2011;Barranquilla;11;71,51;100,8028571
2011;Bogota;11;82,81142857;82,32142857
2011;Cali;11;87,01285714;79,27142857
2011;Medellin;11;84,80857143;81,59142857
2012;Barranquilla;11;77,92857143;100,5514286
2012;Bogota;11;78,47857143;82,26857143
2012;Cali;11;83,11571429;79,18142857
2013;Bogota;11;84,20142857;82,26428571
2013;Cali;11;87,66571429;79,22428571
2013;Medellin;11;91,77571429;81,54
2014;Bogota;11;83,82571429;82,21428571
2014;Cali;11;88,44142857;79,18
2014;Medellin;11;89,54285714;81,49142857
2014;Barranquilla;11;73,84;100,5257143
2015;Bogota;11;79,77714286;82,22
2015;Cali;11;87,27571429;79,19285714
2015;Medellin;11;89,69714286;81,50142857
2015;Barranquilla;11;73,34285714;100,5157143
2016;Bogota;11;76,00714286;82,37571429
2016;Cali;11;87,11285714;79,31857143
2016;Barranquilla;11;73,38428571;100,6614286
2017;Cali;11;87,45571429;79,32285714
2017;Medellin;11;88,43714286;81,66285714
2017;Barranquilla;11;75,10142857;100,6971429
2018;Bogota;11;75,32142857;82,26857143
2018;Cali;11;85,94571429;79,23428571
2018;Medellin;11;86,47142857;81,57142857
2018;Barranquilla;11;76,19285714;100,5342857
2019;Bogota;11;82,96857143;82,25857143
2019;Cali;11;84,74428571;79,19857143
2019;Medellin;11;88,58714286;81,52142857
2019;Barranquilla;11;75,95142857;100,5142857
2020;Bogota;11;83,97428571;82,34
2020;Cali;11;86,64571429;79,28
2020;Medellin;11;85,98714286;81,60857143
2020;Barranquilla;11;75,38714286;100,7228571
2010;Barranquilla;12;75,74142857;100,4157143
2010;Bogota;12;62,06285714;82,27714286
2010;Cali;12;73,36428571;79,23285714
2010;Medellin;12;80,51857143;81,56
2011;Barranquilla;12;75,08142857;100,5628571
2011;Bogota;12;84,69857143;82,19857143
2011;Cali;12;87,59714286;79,14428571
2011;Medellin;12;90,98285714;81,45714286
2012;Barranquilla;12;78,01;100,5742857
2012;Bogota;12;86,06;82,22714286
2012;Cali;12;88,39857143;79,15428571
2012;Medellin;12;89,08428571;81,50142857
2013;Bogota;12;84,50142857;82,30714286
2013;Cali;12;84,76571429;79,25285714
2013;Medellin;12;89,32857143;81,58857143
2013;Barranquilla;12;76,99428571;100,5642857
2014;Bogota;12;79,83714286;82,27714286
2014;Cali;12;85,44714286;79,22714286
2014;Barranquilla;12;76,01;100,4942857
2015;Bogota;12;85,82571429;82,45857143
2015;Cali;12;87,96285714;79,40857143
2015;Medellin;12;88,03571429;81,73
2015;Barranquilla;12;74,26571429;100,8628571
2016;Bogota;12;68,45;82,31571429
2016;Cali;12;80,41428571;79,28285714
2016;Medellin;12;81,37;81,61857143
2017;Bogota;12;86,32857143;82,41142857
2017;Medellin;12;90,30571429;81,67857143
2017;Barranquilla;12;74,97285714;100,7757143
2018;Bogota;12;81,51428571;82,23857143
2018;Cali;12;86,51857143;79,17714286
2018;Medellin;12;89,11428571;81,50857143
2018;Barranquilla;12;73,27428571;100,5257143
2019;Bogota;12;84,10857143;82,37714286
2019;Cali;12;85,73142857;79,31571429
2019;Medellin;12;90,08571429;81,65285714
2019;Barranquilla;12;76,74857143;100,69
2020;Bogota;12;80,77428571;82,45857143
2020;Cali;12;84,43571429;79,39714286
2020;Medellin;12;83,76714286;81,73285714
2020;Barranquilla;12;72,78571429;100,8414286
2010;Barranquilla;13;74,97285714;100,3942857
2010;Bogota;13;72,01;82,22428571
2010;Cali;13;79,19428571;79,19142857
2010;Medellin;13;86,41714286;81,51
2011;Barranquilla;13;79,35;100,4742857
2011;Bogota;13;80,00714286;82,27142857
2011;Cali;13;84,49;79,20857143
2012;Barranquilla;13;78,80571429;100,5471429
2012;Bogota;13;83,10428571;82,32
2012;Cali;13;87,06714286;79,23142857
2012;Medellin;13;87,44285714;81,58285714
2013;Bogota;13;76,88285714;82,32285714
2013;Cali;13;81,34;79,27
2013;Barranquilla;13;75,76714286;100,5757143
2014;Bogota;13;78,29857143;82,32571429
2014;Cali;13;81,45714286;79,26142857
2014;Medellin;13;83,82857143;81,61142857
2014;Barranquilla;13;72,60714286;100,5942857
2015;Cali;13;88,37571429;79,37428571
2015;Medellin;13;90,01714286;81,72285714
2015;Barranquilla;13;76,03714286;100,7214286
2016;Bogota;13;68,52714286;82,38428571
2016;Cali;13;81,22142857;79,34285714
2016;Medellin;13;79,85857143;81,66428571
2016;Barranquilla;13;73,26142857;100,5742857
2017;Bogota;13;84,57;82,36714286
2017;Medellin;13;89,35142857;81,63285714
2018;Bogota;13;82,07142857;82,23
2018;Cali;13;88,57;79,17
2018;Medellin;13;89,06714286;81,50285714
2018;Barranquilla;13;73,52571429;100,55
2019;Bogota;13;81,35428571;82,32714286
2019;Cali;13;86,07857143;79,26571429
2019;Medellin;13;91,11142857;81,60285714
2019;Barranquilla;13;78,94142857;100,62
2020;Bogota;13;80,41285714;82,21142857
2020;Cali;13;87,74428571;79,17714286
2020;Medellin;13;85,48428571;81,51142857
2020;Barranquilla;13;72,45;100,5071429
2010;Barranquilla;14;74,17714286;100,4614286
2010;Bogota;14;79,05571429;82,24142857
2010;Cali;14;84,33571429;79,19
2010;Medellin;14;91,61142857;81,50571429
2011;Barranquilla;14;74,88857143;100,5214286
2011;Bogota;14;83,92571429;82,26571429
2011;Cali;14;89,19428571;79,22285714
2011;Medellin;14;91,21857143;81,54857143
2012;Barranquilla;14;80,2;100,4957143
2012;Bogota;14;82,47285714;82,28857143
2012;Cali;14;87,76428571;79,22285714
2012;Medellin;14;90,19;81,57
2013;Cali;14;83,03428571;79,29571429
2013;Medellin;14;89,31428571;81,63571429
2013;Barranquilla;14;76,08571429;100,5428571
2014;Bogota;14;78,76285714;82,3
2014;Cali;14;83,97142857;79,23714286
2014;Medellin;14;86,77857143;81,58
2014;Barranquilla;14;76,52285714;100,4885714
2015;Cali;14;85,09428571;79,14571429
2015;Medellin;14;91,24428571;81,49428571
2015;Barranquilla;14;73,78142857;100,4842857
2016;Bogota;14;84,6;82,41857143
2016;Cali;14;87,37285714;79,34714286
2016;Medellin;14;84,67428571;81,67571429
2016;Barranquilla;14;75,82714286;100,6542857
2017;Cali;14;84,27714286;79,24142857
2017;Medellin;14;85,99714286;81,58
2017;Barranquilla;14;76,63142857;100,4728571
2018;Bogota;14;87,37714286;82,31571429
2018;Medellin;14;89,50142857;81,59428571
2018;Barranquilla;14;76,52857143;100,6714286
2019;Bogota;14;85,04285714;82,41
2019;Cali;14;88,25428571;79,35857143
2019;Medellin;14;90,31571429;81,7
2019;Barranquilla;14;72,16285714;100,6928571
2020;Bogota;14;78,88571429;82,29714286
2020;Cali;14;83,46428571;79,24714286
2020;Barranquilla;14;79,17857143;100,5485714
2010;Bogota;15;85,60428571;82,31142857
2010;Cali;15;87,11714286;79,25
2010;Medellin;15;90,05285714;81,58714286
2011;Barranquilla;15;74,36;100,6814286
2011;Bogota;15;86,35428571;82,31428571
2011;Medellin;15;91,00571429;81,58
2012;Barranquilla;15;76,76571429;100,7457143
2012;Bogota;15;89,01571429;82,4
2012;Cali;15;88,86285714;79,33142857
2012;Medellin;15;90,61857143;81,65
2013;Bogota;15;79,53857143;82,23857143
2013;Cali;15;84,91285714;79,19285714
2013;Medellin;15;88,96714286;81,53857143
2013;Barranquilla;15;74,72285714;100,3928571
2014;Bogota;15;78,91571429;82,25857143
2014;Cali;15;82,77142857;79,20571429
2014;Medellin;15;87,63857143;81,55285714
2014;Barranquilla;15;72,77857143;100,4442857
2015;Bogota;15;79,58857143;82,34714286
2015;Cali;15;84,09;79,27428571
2015;Medellin;15;90,08714286;81,62285714
2015;Barranquilla;15;77,12285714;100,54
2016;Bogota;15;81,77285714;82,31142857
2016;Cali;15;87,19142857;79,27285714
2016;Medellin;15;87,84571429;81,58142857
2016;Barranquilla;15;74,50571429;100,5814286
2017;Bogota;15;84,22857143;82,29285714
2017;Cali;15;87,63;79,20714286
2017;Medellin;15;90,20714286;81,54571429
2017;Barranquilla;15;77,58571429;100,5628571
2018;Bogota;15;86,44428571;82,41285714
2018;Cali;15;86,97428571;79,35714286
2018;Medellin;15;91,11714286;81,68285714
2018;Barranquilla;15;74,26714286;100,6971429
2019;Bogota;15;85,45714286;82,33714286
2019;Cali;15;87,47142857;79,28142857
2019;Medellin;15;89,55142857;81,61428571
2019;Barranquilla;15;76,57142857;100,5114286
2020;Bogota;15;78,54714286;82,39142857
2020;Cali;15;84,83428571;79,34857143
2020;Medellin;15;87,63714286;81,68857143
2020;Barranquilla;15;75,37285714;100,5742857
2010;Barranquilla;16;83,59285714;100,5471429
2010;Bogota;16;79,59857143;82,37714286
2010;Cali;16;83,57428571;79,3
2010;Medellin;16;86,52;81,65142857
2011;Barranquilla;16;74,00428571;100,6928571
2011;Bogota;16;89,17857143;82,32
2011;Cali;16;89,89857143;79,24714286
2011;Medellin;16;92,63285714;81,58
2012;Barranquilla;16;76,95428571;100,5928571
2012;Bogota;16;88,65714286;82,35142857
2012;Cali;16;87,23285714;79,27571429
2012;Medellin;16;88,09714286;81,62
2013;Barranquilla;16;77,50714286;100,5757143
2013;Bogota;16;85,92857143;82,35
2013;Cali;16;88,77142857;79,28714286
2013;Medellin;16;91,08142857;81,60428571
2014;Bogota;16;81,85285714;82,27571429
2014;Cali;16;87,35;79,21571429
2014;Medellin;16;90,18571429;81,55714286
2014;Barranquilla;16;77,21428571;100,4885714
2015;Bogota;16;82,63714286;82,33285714
2015;Cali;16;87,31;79,25285714
2015;Medellin;16;89,20714286;81,61142857
2015;Barranquilla;16;80,72857143;100,5628571
2016;Bogota;16;78,48428571;82,30142857
2016;Cali;16;82,28;79,24857143
2016;Medellin;16;86,75571429;81,57
2016;Barranquilla;16;80,64285714;100,4728571
2017;Bogota;16;82,47;82,36571429
2017;Cali;16;87,06142857;79,30285714
2017;Medellin;16;89,51428571;81,63571429
2017;Barranquilla;16;81,73857143;100,5914286
2018;Bogota;16;82,69;82,37142857
2018;Cali;16;85,83857143;79,28142857
2018;Medellin;16;89,76571429;81,65
2018;Barranquilla;16;81,13;100,6071429
2019;Bogota;16;86,03714286;82,36285714
2019;Cali;16;88,73571429;79,3
2019;Medellin;16;91,55571429;81,62
2019;Barranquilla;16;78,04857143;100,5914286
2020;Cali;16;85,54714286;79,39714286
2020;Medellin;16;87,85714286;81,73571429
2020;Barranquilla;16;72,96857143;100,7057143
2010;Barranquilla;17;84,64285714;100,4685714
2010;Cali;17;84,87;79,33571429
2010;Medellin;17;89,01142857;81,64285714
2011;Bogota;17;83,94571429;82,33714286
2011;Cali;17;88,13285714;79,26428571
2011;Medellin;17;91,34;81,60285714
2012;Barranquilla;17;82,14;100,5557143
2012;Bogota;17;83,51571429;82,31
2012;Cali;17;88,52;79,24285714
2012;Medellin;17;90,22;81,57571429
2013;Barranquilla;17;75,17285714;100,64
2013;Bogota;17;85,73857143;82,34714286
2013;Cali;17;87,04285714;79,28285714
2013;Medellin;17;90,34142857;81,60857143
2014;Bogota;17;83,18571429;82,32142857
2014;Medellin;17;88,70857143;81,59571429
2014;Barranquilla;17;79,97142857;100,4771429
2015;Cali;17;83,75428571;79,19
2015;Medellin;17;86,85428571;81,54
2015;Barranquilla;17;78,44428571;100,3728571
2016;Cali;17;85,57571429;79,28142857
2016;Medellin;17;87,76428571;81,60285714
2017;Medellin;17;88,92428571;81,60571429
2018;Bogota;17;83,44571429;82,40142857
2018;Cali;17;87,15714286;79,31714286
2018;Medellin;17;90,43571429;81,67857143
2018;Barranquilla;17;82,27857143;100,6214286
2019;Bogota;17;82,28428571;82,34857143
2019;Cali;17;86,09285714;79,28142857
2019;Medellin;17;89,29;81,61
2019;Barranquilla;17;79,65;100,5357143
2020;Bogota;17;79,97;82,39714286
2020;Cali;17;84,33142857;79,34428571
2020;Medellin;17;88,81285714;81,68285714
2020;Barranquilla;17;73,63571429;100,5871429
2010;Barranquilla;18;77,79428571;100,5871429
2010;Bogota;18;84,02857143;82,39571429
2010;Medellin;18;91,29;81,67571429
2011;Barranquilla;18;80,90142857;100,43
2011;Bogota;18;84,52142857;82,22857143
2011;Cali;18;88,11714286;79,15714286
2011;Medellin;18;90,26428571;81,49571429
2012;Barranquilla;18;84,19285714;100,5057143
2012;Bogota;18;85,52857143;82,3
2012;Cali;18;88,34857143;79,23285714
2012;Medellin;18;90,67428571;81,57
2013;Barranquilla;18;80,07714286;100,6785714
2013;Bogota;18;87,50857143;82,41428571
2013;Medellin;18;89,79285714;81,66285714
2014;Bogota;18;82,40142857;82,35285714
2014;Cali;18;86,33428571;79,29714286
2014;Medellin;18;91,99571429;81,62285714
2014;Barranquilla;18;76,03571429;100,5357143
2015;Bogota;18;79,85714286;82,31142857
2015;Cali;18;85,08;79,24857143
2015;Barranquilla;18;77,82;100,4728571
2016;Bogota;18;81,41285714;82,39857143
2016;Cali;18;85,52142857;79,32
2016;Medellin;18;90,63;81,66285714
2016;Barranquilla;18;83,32714286;100,5571429
2017;Bogota;18;84,06428571;82,35
2017;Cali;18;89,38857143;79,29428571
2017;Medellin;18;90,82;81,63142857
2017;Barranquilla;18;81,40428571;100,5257143
2018;Bogota;18;84,06285714;82,40714286
2018;Cali;18;87,81857143;79,32428571
2018;Medellin;18;90,38;81,69714286
2018;Barranquilla;18;82,05571429;100,6385714
2019;Bogota;18;78,24285714;82,31714286
2019;Cali;18;82,51142857;79,26
2019;Medellin;18;86,37142857;81,60428571
2019;Barranquilla;18;79,36285714;100,3914286
2020;Bogota;18;79,60857143;82,34714286
2020;Cali;18;86,20285714;79,29571429
2020;Medellin;18;88,83428571;81,63285714
2020;Barranquilla;18;76,14571429;100,5085714
2010;Bogota;19;80,26;82,31571429
2010;Cali;19;81;79,22428571,
2011;Barranquilla;19;83,12428571;100,3742857
2011;Bogota;19;86,01;82,23428571
2011;Cali;19;87,99;79,16428571
2011;Medellin;19;91,05857143;81,50857143
2012;Barranquilla;19;84,37;100,5314286
2012;Bogota;19;85,42285714;82,30285714
2012;Cali;19;88,49428571;79,23571429
2012;Medellin;19;92,07285714;81,56571429
2013;Barranquilla;19;78,55428571;100,6814286
2013;Bogota;19;82,58714286;82,43857143
2013;Cali;19;88,47142857;79,37428571
2014;Bogota;19;87,36285714;82,36714286
2014;Cali;19;89,28;79,31571429
2014;Medellin;19;90,78142857;81,65142857
2014;Barranquilla;19;74,77571429;100,6285714
2015;Cali;19;80,71714286;79,18714286
2015;Medellin;19;84,34428571;81,56428571
2015;Barranquilla;19;76,75714286;100,3885714
2016;Bogota;19;83,96285714;82,43571429
2016;Cali;19;86,78857143;79,35857143
2016;Medellin;19;90,76285714;81,71285714
2017;Bogota;19;88,47571429;82,40285714
2017;Cali;19;89,96571429;79,35285714
2017;Barranquilla;19;83,12428571;100,6728571
2018;Cali;19;89,38571429;79,36714286
2018;Medellin;19;93,07285714;81,69
2018;Barranquilla;19;82,71;100,6957143
2019;Bogota;19;83,18285714;82,34714286
2019;Cali;19;86,96857143;79,29
2019;Medellin;19;91,29428571;81,61
2020;Bogota;19;78,54428571;82,38571429
2020;Cali;19;84,11142857;79,33571429
2020;Medellin;19;86,64142857;81,68
2020;Barranquilla;19;78,79285714;100,4671429
2010;Barranquilla;20;83,68285714;100,41
2010;Cali;20;82,85285714;79,28285714
2010;Medellin;20;91,15857143;81,61142857
2011;Barranquilla;20;76,40857143;100,7128571
2011;Bogota;20;88,01;82,36285714
2011;Cali;20;88,18;79,31142857
2011;Medellin;20;88,30142857;81,63428571
2012;Barranquilla;20;82,05;100,4114286
2012;Bogota;20;81,48;82,26428571
2012;Cali;20;86,66428571;79,19857143
2012;Medellin;20;91,68714286;81,54428571
2013;Barranquilla;20;79,73428571;100,5514286
2013;Bogota;20;84,09571429;82,34857143
2013;Cali;20;88,15571429;79,30142857
2013;Medellin;20;92,93285714;81,63285714
2014;Bogota;20;82,84285714;82,32571429
2014;Cali;20;86,19285714;79,26428571
2014;Medellin;20;91,19714286;81,60857143
2014;Barranquilla;20;76,55571429;100,4828571
2015;Bogota;20;79,70714286;82,39857143
2015;Cali;20;83,82428571;79,32428571
2015;Medellin;20;88,09571429;81,68
2015;Barranquilla;20;81,58142857;100,6042857
2016;Bogota;20;76,70428571;82,41714286
2016;Cali;20;82,53285714;79,34
2016;Medellin;20;86,26285714;81,70142857
2016;Barranquilla;20;85,12285714;100,5028571
2017;Bogota;20;82,9;82,35285714
2017;Cali;20;88,11428571;79,29142857
2017;Medellin;20;91,42571429;81,61285714
2017;Barranquilla;20;86,10428571;100,51
2018;Bogota;20;82,92142857;82,33285714
2018;Cali;20;88,75571429;79,26142857
2018;Medellin;20;91,66;81,60428571
2018;Barranquilla;20;84,05142857;100,5742857
2019;Bogota;20;83,57285714;82,37571429
2019;Cali;20;87,95142857;79,31142857
2019;Medellin;20;90,09571429;81,65857143
2019;Barranquilla;20;80,85;100,5314286
2020;Bogota;20;79,28714286;82,40428571
2020;Cali;20;83,48142857;79,34
2020;Medellin;20;88,36714286;81,69285714
2020;Barranquilla;20;77,13428571;100,5057143
2010;Barranquilla;21;85,12714286;100,55
2010;Bogota;21;87,41142857;82,32428571
2010;Cali;21;88,62142857;79,27571429
2010;Medellin;21;92,73428571;81,58571429
2011;Barranquilla;21;84,00714286;100,6285714
2011;Medellin;21;91,08285714;81,66142857
2012;Barranquilla;21;82,99285714;100,54
2012;Bogota;21;81,98857143;82,37857143
2012;Cali;21;85,16285714;79,30714286
2012;Medellin;21;91,07714286;81,65571429
2013;Barranquilla;21;83,52571429;100,5842857
2013;Bogota;21;82,41571429;82,37428571
2013;Cali;21;88,11142857;79,29857143
2013;Medellin;21;91,25428571;81,63857143
2014;Bogota;21;81,35857143;82,38285714
2014;Cali;21;86,20714286;79,32
2014;Medellin;21;87,63857143;81,67571429
2014;Barranquilla;21;76,15857143;100,5814286
2015;Cali;21;84,34428571;79,33285714
2016;Bogota;21;74,65285714;82,48285714
2016;Cali;21;83,56571429;79,40571429
2016;Medellin;21;86,49428571;81,75714286
2016;Barranquilla;21;83,31;100,5757143
2017;Bogota;21;79,45571429;82,42285714
2017;Cali;21;85,17571429;79,36428571
2017;Medellin;21;87,22571429;81,70428571
2017;Barranquilla;21;86,27142857;100,5771429
2018;Bogota;21;82,82;82,40571429
2018;Cali;21;87,57571429;79,32142857
2018;Medellin;21;90,45428571;81,66571429
2018;Barranquilla;21;85,42285714;100,5928571
2019;Bogota;21;83,02714286;82,36571429
2019;Cali;21;89,72857143;79,30285714
2019;Medellin;21;91,98714286;81,62428571
2019;Barranquilla;21;83,58285714;100,5914286
2020;Bogota;21;76,1;82,41857143
2020;Cali;21;80,57142857;79,34714286
2020;Medellin;21;84,72571429;81,71142857
2020;Barranquilla;21;78,62714286;100,49
2010;Barranquilla;22;83,07285714;100,7228571
2010;Bogota;22;83,80714286;82,52142857
2010;Cali;22;87,22142857;79,44714286
2010;Medellin;22;90,45142857;81,78857143
2011;Barranquilla;22;86,33142857;100,4971429
2011;Bogota;22;84,46857143;82,32428571
2011;Cali;22;87,32;79,25714286
2011;Medellin;22;90,25857143;81,59
2012;Bogota;22;80,34142857;82,39285714
2012;Cali;22;81,23428571;79,3
2012;Medellin;22;85,94428571;81,65714286
2013;Barranquilla;22;83,74428571;100,5671429
2013;Bogota;22;81,13142857;82,37714286
2013;Cali;22;85,40857143;79,31142857
2013;Medellin;22;89,70714286;81,65714286
2014;Barranquilla;22;78,69857143;100,4342857
2014;Bogota;22;81,41571429;82,27857143
2014;Cali;22;85,47142857;79,23
2014;Medellin;22;90,78428571;81,57142857
2015;Bogota;22;79,88714286;82,32285714
2015;Cali;22;82,82;79,26142857
2015;Medellin;22;90,10857143;81,59714286
2015;Barranquilla;22;83,51428571;100,5
2016;Bogota;22;79,46142857;82,40142857
2016;Cali;22;87,59714286;79,34
2016;Medellin;22;90,84285714;81,68142857
2016;Barranquilla;22;84,68857143;100,5985714
2017;Bogota;22;79,79857143;82,46857143
2017;Cali;22;84,72;79,38714286
2017;Medellin;22;88,50142857;81,74428571
2017;Barranquilla;22;84,76428571;100,6557143
2018;Bogota;22;81,34571429;82,36
2018;Cali;22;86,50571429;79,28
2018;Medellin;22;90,84285714;81,63285714
2018;Barranquilla;22;83,16571429;100,53
2019;Bogota;22;84,80714286;82,42714286
2019;Cali;22;88,54714286;79,35285714
2019;Medellin;22;91,16857143;81,68857143
2019;Barranquilla;22;85,70285714;100,66
2020;Bogota;22;81,73571429;82,46714286
2020;Cali;22;86,29;79,4
2020;Medellin;22;91,41;81,74857143
2020;Barranquilla;22;81,83285714;100,6914286
2010;Barranquilla;23;85,51714286;100,6728571
2010;Bogota;23;79,21857143;82,51714286
2010;Cali;23;81,45428571;79,43
2010;Medellin;23;90,44428571;81,77428571
2011;Barranquilla;23;84,69285714;100,65
2011;Bogota;23;81,15285714;82,43
2012;Barranquilla;23;78,85;100,4042857
2012;Bogota;23;79,22;82,32428571
2012;Cali;23;84,64857143;79,25142857
2012;Medellin;23;86,51571429;81,61142857
2013;Barranquilla;23;80,70285714;100,4671429
2013;Bogota;23;79,40571429;82,36
2013;Cali;23;81,22714286;79,26714286
2013;Medellin;23;86,51571429;81,63571429
2014;Barranquilla;23;77,96571429;100,3671429
2014;Bogota;23;79,39;82,25714286
2014;Cali;23;83,98285714;79,20714286
2014;Medellin;23;90,42857143;81,55142857
2015;Cali;23;83,27;79,31857143
2015;Medellin;23;88,23142857;81,66428571
2015;Barranquilla;23;83,53142857;100,5414286
2016;Bogota;23;74,16714286;82,48
2016;Cali;23;82,81142857;79,41714286
2016;Medellin;23;89,63428571;81,75571429
2016;Barranquilla;23;83,36714286;100,6071429
2017;Bogota;23;82,05142857;82,39714286
2017;Cali;23;87,25714286;79,33285714
2017;Medellin;23;89,96;81,69142857
2017;Barranquilla;23;84,93857143;100,5414286
2018;Bogota;23;80,57428571;82,39857143
2018;Cali;23;85,36571429;79,31285714
2018;Medellin;23;87,68428571;81,67285714
2018;Barranquilla;23;84,22857143;100,5185714
2019;Bogota;23;82,22428571;82,44285714
2019;Cali;23;85,89571429;79,35
2019;Medellin;23;88,89285714;81,69142857
2019;Barranquilla;23;85,15142857;100,5914286
2020;Bogota;23;78,46142857;82,46714286
2020;Cali;23;81,60285714;79,38571429
2020;Medellin;23;85,92142857;81,74571429
2020;Barranquilla;23;77,95714286;100,5771429
2010;Barranquilla;24;86,36;100,6671429
2010;Bogota;24;79,27285714;82,46571429
2010;Cali;24;83,41285714;79,39142857
2010;Medellin;24;91,08428571;81,73
2011;Bogota;24;79,98;82,30857143
2011;Cali;24;82,79428571;79,22714286
2011;Medellin;24;87,36571429;81,58857143
2012;Barranquilla;24;84,06;100,4785714
2012;Bogota;24;81,33857143;82,32428571
2012;Cali;24;85,22857143;79,25142857
2012;Medellin;24;89,44142857;81,59142857
2013;Barranquilla;24;84,87285714;100,4728571
2013;Cali;24;83,67714286;79,27571429
2013;Medellin;24;89,32285714;81,62714286
2014;Barranquilla;24;81,16142857;100,4885714
2014;Medellin;24;85,99285714;81,65428571
2015;Bogota;24;78,13714286;82,34571429
2015;Cali;24;79,29142857;79,25142857
2015;Medellin;24;85,57571429;81,61857143
2015;Barranquilla;24;79,05;100,4485714
2016;Bogota;24;74,78;82,61285714
2016;Cali;24;79,92285714;79,51714286
2016;Medellin;24;85,07571429;81,87857143
2017;Bogota;24;83,17714286;82,42285714
2017;Cali;24;87,23857143;79,35857143
2017;Barranquilla;24;85,15285714;100,6242857
2018;Bogota;24;80,74142857;82,47714286
2018;Cali;24;83,45285714;79,38285714
2018;Medellin;24;87,60571429;81,74714286
2018;Barranquilla;24;85,47428571;100,6471429
2019;Bogota;24;82,48714286;82,44142857
2019;Cali;24;85,33714286;79,35571429
2019;Medellin;24;89,65428571;81,70857143
2019;Barranquilla;24;83,29;100,5785714
2020;Bogota;24;82,21857143;82,44
2020;Cali;24;85,84857143;79,35428571
2020;Medellin;24;88,87714286;81,71714286
2020;Barranquilla;24;78,74;100,6357143
2010;Barranquilla;25;84,10714286;100,5942857
2010;Bogota;25;81,77;82,41428571
2010;Medellin;25;92,13857143;81,66714286
2011;Barranquilla;25;85,67714286;100,52
2011;Bogota;25;80,53714286;82,35857143
2011;Cali;25;85,42428571;79,29857143
2011;Medellin;25;89,94714286;81,63
2012;Barranquilla;25;78,42857143;100,59
2012;Bogota;25;77,15571429;82,41714286
2012;Cali;25;81,29714286;79,33
2012;Medellin;25;85,32;81,7
2013;Barranquilla;25;82,41857143;100,47
2013;Bogota;25;79,46142857;82,31285714
2013;Cali;25;82,06285714;79,24428571
2013;Medellin;25;87,71428571;81,60285714
2014;Barranquilla;25;79,67428571;100,52
2014;Bogota;25;80,52714286;82,41428571
2014;Cali;25;81,04428571;79,30857143
2015;Bogota;25;76,24;82,36714286
2015;Cali;25;76,73571429;79,25285714
2015;Medellin;25;82,42714286;81,63714286
2015;Barranquilla;25;79,31857143;100,4357143
2016;Bogota;25;75,63428571;82,46571429
2016;Cali;25;81,26142857;79,37
2016;Barranquilla;25;83,15857143;100,6128571
2017;Bogota;25;84,14571429;82,36428571
2017;Cali;25;87,17571429;79,27285714
2017;Medellin;25;90,99285714;81,64
2017;Barranquilla;25;84,20428571;100,5471429
2018;Bogota;25;79,89571429;82,46142857
2018;Cali;25;84,11;79,36428571
2018;Medellin;25;88,11571429;81,73428571
2018;Barranquilla;25;86,02285714;100,6842857
2019;Bogota;25;81,71142857;82,44714286
2019;Cali;25;82,36714286;79,33571429
2019;Medellin;25;87,04428571;81,72
2019;Barranquilla;25;84,20714286;100,5528571
2020;Cali;25;82,08;79,29571429
2020;Medellin;25;87,1;81,65857143
2020;Barranquilla;25;79,58571429;100,4914286
2010;Barranquilla;26;85,72714286;100,5314286
2010;Bogota;26;81,39714286;82,39571429
2010;Cali;26;83,78428571;79,32
2010;Medellin;26;90,92285714;81,64285714
2011;Barranquilla;26;84,56571429;100,5071429
2011;Bogota;26;79,34857143;82,32714286
2011;Cali;26;83,85714286;79,24571429
2012;Barranquilla;26;78,67571429;100,6457143
2012;Bogota;26;78,43857143;82,45571429
2012;Cali;26;82,54714286;79,35428571
2012;Medellin;26;88,35714286;81,71857143
2013;Barranquilla;26;83,81;100,5871429
2013;Bogota;26;79,20714286;82,41285714
2013;Cali;26;84,03714286;79,34428571
2013;Medellin;26;91,90571429;81,68
2014;Barranquilla;26;79,42142857;100,5742857
2014;Bogota;26;78,81285714;82,44142857
2014;Cali;26;80,81285714;79,34428571
2014;Medellin;26;86,55857143;81,71285714
2015;Bogota;26;76,67571429;82,37428571
2015;Cali;26;75,96857143;79,26285714
2015;Medellin;26;81,67857143;81,66142857
2015;Barranquilla;26;77,98285714;100,4771429
2016;Bogota;26;75,05571429;82,38
2016;Cali;26;80,16857143;79,28857143
2016;Medellin;26;86,27285714;81,65428571
2016;Barranquilla;26;84,04285714;100,4857143
2017;Bogota;26;81,79285714;82,42428571
2017;Cali;26;85,70428571;79,33428571
2017;Barranquilla;26;85,09142857;100,5985714
2018;Bogota;26;79,60142857;82,37571429
2018;Cali;26;84,36857143;79,28571429
2018;Medellin;26;87,46285714;81,65857143
2018;Barranquilla;26;85,86428571;100,5828571
2019;Bogota;26;79,44571429;82,34428571
2019;Cali;26;83,04428571;79,26857143
2019;Medellin;26;86,70285714;81,63714286
2019;Barranquilla;26;83,65571429;100,4828571
2020;Bogota;26;77,28714286;82,30285714
2020;Cali;26;81,96857143;79,24
2020;Barranquilla;26;79,72142857;100,4157143
2010;Barranquilla;27;83,43714286;100,6171429
2010;Bogota;27;86,51428571;82,40142857
2010;Cali;27;88,55714286;79,33857143
2010;Medellin;27;93,30285714;81,67571429
2011;Barranquilla;27;83,97285714;100,45
2011;Bogota;27;78,97428571;82,31857143
2011;Cali;27;82,12285714;79,23142857
2011;Medellin;27;87,41285714;81,58857143
2012;Barranquilla;27;81,4;100,4542857
2012;Bogota;27;78,45285714;82,27857143
2012;Cali;27;82,49;79,19285714
2013;Barranquilla;27;78,69285714;100,5628571
2013;Bogota;27;78,45428571;82,40714286
2013;Cali;27;80,58428571;79,32142857
2013;Medellin;27;88,32714286;81,67714286
2014;Barranquilla;27;77,72142857;100,5985714
2014;Bogota;27;78,71;82,43428571
2014;Cali;27;80,72;79,34428571
2015;Barranquilla;27;78,39;100,4142857
2015;Cali;27;78,52714286;79,23285714
2015;Medellin;27;84,15428571;81,58285714
2016;Bogota;27;74,87571429;82,47428571
2016;Cali;27;82,55142857;79,39857143
2016;Medellin;27;88,19714286;81,75857143
2016;Barranquilla;27;83,81285714;100,62
2017;Bogota;27;78,85142857;82,47142857
2017;Cali;27;82,11142857;79,36714286
2017;Medellin;27;86,38428571;81,74142857
2017;Barranquilla;27;86,76;100,6228571
2018;Bogota;27;79,15857143;82,34142857
2018;Cali;27;83,11428571;79,24714286
2018;Medellin;27;87,95571429;81,60428571
2018;Barranquilla;27;85,18428571;100,4957143
2019;Bogota;27;79,88857143;82,42142857
2019;Cali;27;82,00571429;79,32857143
2019;Medellin;27;86,35571429;81,68571429
2019;Barranquilla;27;82,72;100,5485714
2020;Bogota;27;78,24714286;82,32857143
2020;Cali;27;84,97;79,27428571
2020;Medellin;27;89,26857143;81,61428571
2020;Barranquilla;27;79,99857143;100,4628571
2010;Barranquilla;28;86,51714286;100,4871429
2010;Bogota;28;82,02;82,34285714
2010;Cali;28;86,97571429;79,28
2010;Medellin;28;92,97428571;81,60857143
2011;Barranquilla;28;85,04571429;100,5942857
2011;Bogota;28;80,51571429;82,37142857
2011;Cali;28;84,57571429;79,31
2011;Medellin;28;90,06857143;81,64857143
2012;Bogota;28;80,27857143;82,32142857
2012;Cali;28;82,97142857;79,22428571
2012;Medellin;28;88,13857143;81,57714286
2013;Barranquilla;28;81,43428571;100,5357143
2013;Bogota;28;79,81857143;82,38428571
2013;Cali;28;81,59857143;79,3
2014;Barranquilla;28;75,15428571;100,4814286
2014;Bogota;28;79,85714286;82,39571429
2014;Cali;28;77,75714286;79,27285714
2014;Medellin;28;85,27428571;81,66428571
2015;Barranquilla;28;83,02857143;100,5842857
2015;Bogota;28;74,13142857;82,38571429
2015;Cali;28;79,38285714;79,32142857
2015;Medellin;28;85,81857143;81,66571429
2016;Bogota;28;71,20285714;82,42714286
2016;Cali;28;77,87;79,35571429
2016;Medellin;28;84,65428571;81,71714286
2016;Barranquilla;28;82,13714286;100,5614286
2017;Bogota;28;80,58142857;82,46285714
2017;Medellin;28;86,96714286;81,72857143
2017;Barranquilla;28;87,62;100,6428571
2018;Bogota;28;79,47142857;82,42285714
2018;Cali;28;81,56857143;79,31
2018;Medellin;28;85,93285714;81,68428571
2018;Barranquilla;28;86,50714286;100,5414286
2019;Bogota;28;78,36714286;82,38571429
2019;Cali;28;81,87428571;79,3
2019;Medellin;28;87,95714286;81,65714286
2019;Barranquilla;28;81,91285714;100,5414286
2020;Bogota;28;78,72428571;82,39428571
2020;Cali;28;84,59;79,32142857
2020;Medellin;28;89,14285714;81,67571429
2020;Barranquilla;28;79,59285714;100,5557143
2010;Barranquilla;29;84,62571429;100,7557143
2010;Bogota;29;80,29428571;82,51285714
2011;Barranquilla;29;83,56428571;100,5371429
2011;Bogota;29;77,91428571;82,36857143
2011;Cali;29;82,40571429;79,28142857
2011;Medellin;29;87,53428571;81,64857143
2012;Barranquilla;29;80,54428571;100,51
2012;Bogota;29;79,42285714;82,37714286
2012;Medellin;29;86,51714286;81,64714286
2013;Barranquilla;29;81,17571429;100,4985714
2013;Bogota;29;79,15428571;82,34857143
2013;Cali;29;80,53714286;79,26571429
2013;Medellin;29;86,33714286;81,63714286
2014;Barranquilla;29;76,54142857;100,5042857
2014;Bogota;29;77,30571429;82,43
2014;Cali;29;76,19428571;79,31714286
2014;Medellin;29;85,41714286;81,71
2015;Bogota;29;75,86714286;82,45285714
2015;Medellin;29;88,74571429;81,71857143
2016;Bogota;29;74,34714286;82,44285714
2016;Cali;29;81,13285714;79,35857143
2016;Medellin;29;87,94714286;81,71714286
2016;Barranquilla;29;85,11;100,6357143
2017;Bogota;29;81,66428571;82,45857143
2017;Cali;29;83,83285714;79,36
2017;Medellin;29;87,59428571;81,71428571
2017;Barranquilla;29;86,09;100,6271429
2018;Bogota;29;78,14285714;82,36
2018;Cali;29;82,87;79,27428571
2018;Medellin;29;86,98857143;81,64571429
2019;Bogota;29;78,80714286;82,39428571
2019;Cali;29;80,29857143;79,28714286
2019;Medellin;29;84,18857143;81,65857143
2019;Barranquilla;29;83,29714286;100,4757143
2020;Bogota;29;77,72571429;82,34
2020;Cali;29;79,55142857;79,24857143
2020;Medellin;29;84,51428571;81,60571429
2020;Barranquilla;29;80,04142857;100,4285714
2010;Barranquilla;30;85,50285714;100,6214286
2010;Bogota;30;79,02285714;82,45285714
2010;Cali;30;81,28714286;79,36857143
2010;Medellin;30;90,83428571;81,71571429
2011;Barranquilla;30;85,34285714;100,42
2011;Bogota;30;79,71857143;82,3
2011;Cali;30;82,77571429;79,22142857
2011;Medellin;30;88,40142857;81,58285714
2012;Barranquilla;30;79,01142857;100,5071429
2012;Bogota;30;77,21857143;82,36142857
2012;Cali;30;78,60571429;79,26142857
2012;Medellin;30;85,21;81,65142857
2013;Barranquilla;30;81,62428571;100,5285714
2013;Bogota;30;78,82285714;82,40571429
2013;Cali;30;77,99571429;79,29
2013;Medellin;30;85,22285714;81,67571429
2014;Barranquilla;30;74,07142857;100,48
2014;Bogota;30;76,41142857;82,38428571
2014;Cali;30;75,37857143;79,29142857
2014;Medellin;30;81,97714286;81,66571429
2015;Barranquilla;30;79,61428571;100,4728571
2015;Bogota;30;73,80857143;82,37285714
2015;Cali;30;74,82;79,26428571
2015;Medellin;30;81,71142857;81,63571429
2016;Bogota;30;73,19571429;82,37285714
2016;Cali;30;80,13714286;79,28857143
2016;Medellin;30;86,42;81,64285714
2016;Barranquilla;30;82,48;100,5142857
2017;Bogota;30;77,40857143;82,38285714
2017;Cali;30;81,16857143;79,29857143
2017;Medellin;30;86,12142857;81,66
2017;Barranquilla;30;86,96714286;100,4942857
2018;Bogota;30;79,88142857;82,47857143
2018;Cali;30;83,48714286;79,38285714
2018;Medellin;30;87,38428571;81,74857143
2018;Barranquilla;30;86,79714286;100,6457143
2019;Bogota;30;78,29;82,45428571
2019;Cali;30;82,01142857;79,37285714
2019;Medellin;30;86,61428571;81,73285714
2019;Barranquilla;30;85,73571429;100,64
2020;Bogota;30;77,80285714;82,38571429
2020;Cali;30;84,62571429;79,31714286
2020;Medellin;30;89,98571429;81,66142857
2020;Barranquilla;30;82,62714286;100,5928571
2010;Barranquilla;31;85,74857143;100,4985714
2010;Bogota;31;83,13571429;82,33
2010;Cali;31;83,52285714;79,25714286
2010;Medellin;31;92,51714286;81,59857143
2011;Barranquilla;31;84,24571429;100,54
2011;Bogota;31;80,16857143;82,34285714
2011;Cali;31;83,02;79,27
2011;Medellin;31;90,16142857;81,61
2012;Bogota;31;82,01142857;82,39857143
2012;Cali;31;83,03571429;79,31714286
2012;Medellin;31;90,56142857;81,66857143
2013;Barranquilla;31;82,23571429;100,5842857
2013;Bogota;31;78,03;82,42142857
2013;Cali;31;80,63285714;79,33857143
2013;Medellin;31;88,60142857;81,70285714
2014;Barranquilla;31;76,93;100,5614286
2014;Bogota;31;76,14;82,41142857
2014;Cali;31;77,02857143;79,32142857
2014;Medellin;31;83,81428571;81,68428571
2015;Barranquilla;31;79,88857143;100,4042857
2015;Bogota;31;71,39571429;82,31428571
2015;Cali;31;73,73428571;79,21857143
2015;Medellin;31;78,92142857;81,57857143
2016;Bogota;31;71,10571429;82,36142857
2016;Cali;31;77,81714286;79,28142857
2016;Medellin;31;85,93142857;81,64142857
2016;Barranquilla;31;84,19285714;100,5171429
2017;Bogota;31;77,36857143;82,49
2017;Cali;31;81,27714286;79,40857143
2017;Medellin;31;87,32;81,76428571
2017;Barranquilla;31;86,12142857;100,6971429
2018;Bogota;31;79,64142857;82,39714286
2018;Cali;31;83,38857143;79,30857143
2018;Medellin;31;88,12428571;81,67285714
2018;Barranquilla;31;85,82857143;100,6028571
2019;Bogota;31;78,70571429;82,40714286
2019;Cali;31;79,71285714;79,31714286
2019;Medellin;31;85,49;81,67428571
2019;Barranquilla;31;85,84;100,51
2020;Bogota;31;76,88;82,43571429
2020;Cali;31;77,94;79,33142857
2020;Medellin;31;83,76142857;81,69428571
2020;Barranquilla;31;80,3;100,5185714
2010;Barranquilla;32;85,16714286;100,5857143
2010;Bogota;32;79,62714286;82,44142857
2010;Cali;32;80,57285714;79,35285714
2010;Medellin;32;89,42285714;81,68428571
2011;Barranquilla;32;84,08571429;100,4814286
2011;Bogota;32;77,45142857;82,38
2011;Cali;32;80,03428571;79,29142857
2011;Medellin;32;85,05714286;81,65714286
2012;Barranquilla;32;81,62428571;100,5057143
2012;Bogota;32;77,77142857;82,37428571
2012;Cali;32;77,83571429;79,28142857
2012;Medellin;32;87,56714286;81,63285714
2013;Barranquilla;32;81,83285714;100,5185714
2013;Bogota;32;81,44285714;82,31142857
2013;Cali;32;86,70285714;79,26
2013;Medellin;32;91,21142857;81,60428571
2014;Barranquilla;32;78,77857143;100,5942857
2014;Bogota;32;76,59857143;82,42285714
2014;Cali;32;79,80857143;79,34857143
2015;Barranquilla;32;80,82857143;100,4314286
2015;Medellin;32;81,30285714;81,59571429
2016;Barranquilla;32;83,67571429;100,5428571
2016;Bogota;32;68,36571429;82,42428571
2016;Cali;32;76,41714286;79,34
2016;Medellin;32;82,64857143;81,70857143
2017;Bogota;32;78,5;82,40714286
2017;Cali;32;84,39571429;79,33857143
2017;Medellin;32;87,61714286;81,69428571
2017;Barranquilla;32;85,80428571;100,5785714
2018;Bogota;32;77,5;82,43285714
2018;Cali;32;77,90285714;79,30857143
2018;Medellin;32;80,91714286;81,70285714
2018;Barranquilla;32;84,76714286;100,5328571
2019;Bogota;32;76,45285714;82,47
2019;Cali;32;77,76714286;79,36857143
2019;Medellin;32;84,43;81,73714286
2019;Barranquilla;32;82,17428571;100,5757143
2020;Bogota;32;76,83285714;82,38285714
2020;Cali;32;78,17714286;79,29142857
2020;Medellin;32;84,50285714;81,66428571
2020;Barranquilla;32;81,08285714;100,5028571
2010;Barranquilla;33;85,00857143;100,6771429
2010;Bogota;33;80,31;82,47285714
2010;Cali;33;80,97857143;79,38714286
2010;Medellin;33;88,44285714;81,73142857
2011;Barranquilla;33;85,81857143;100,5
2011;Bogota;33;78,59428571;82,31857143
2012;Bogota;33;78,54;82,40285714
2012;Cali;33;83,24571429;79,33142857
2012;Medellin;33;90,13571429;81,68428571
2013;Barranquilla;33;80,59428571;100,4842857
2013;Bogota;33;79,45857143;82,34571429
2013;Cali;33;82,63714286;79,26285714
2013;Medellin;33;88,47285714;81,61714286
2014;Barranquilla;33;79,9;100,5228571
2014;Bogota;33;75,70285714;82,40714286
2014;Cali;33;73,28142857;79,30142857
2014;Medellin;33;84,09142857;81,68142857
2015;Barranquilla;33;83,24428571;100,4957143
2015;Bogota;33;70,41285714;82,35571429
2015;Cali;33;77,75714286;79,29571429
2015;Medellin;33;83,27714286;81,64142857
2016;Barranquilla;33;83,27571429;100,4714286
2016;Bogota;33;71,59428571;82,35571429
2016;Medellin;33;86,08857143;81,64571429
2017;Bogota;33;78,71571429;82,31571429
2017;Cali;33;83,61857143;79,26857143
2017;Medellin;33;88,25571429;81,61571429
2017;Barranquilla;33;86,08714286;100,4728571
2018;Bogota;33;77,59142857;82,46857143
2018;Cali;33;79,01;79,38142857
2018;Medellin;33;83,92285714;81,74571429
2018;Barranquilla;33;83,98428571;100,6485714
2019;Bogota;33;77,10428571;82,44714286
2019;Cali;33;77,98714286;79,35285714
2019;Medellin;33;85,34285714;81,71142857
2019;Barranquilla;33;86,29571429;100,6071429
2020;Bogota;33;77,56571429;82,23142857
2020;Cali;33;84,40285714;79,19285714
2020;Medellin;33;88,61428571;81,53857143
2020;Barranquilla;33;82,54285714;100,38
2010;Barranquilla;34;85,70428571;100,5871429
2010;Bogota;34;78,52285714;82,39857143
2010;Cali;34;80,40142857;79,33857143
2010;Medellin;34;89,90571429;81,66571429
2011;Barranquilla;34;82,72714286;100,6242857
2011;Bogota;34;78,35714286;82,42285714
2011;Cali;34;83,39428571;79,33285714
2011;Medellin;34;89,57571429;81,68428571
2012;Barranquilla;34;80,06;100,6142857
2012;Bogota;34;80,03714286;82,40285714
2012;Cali;34;83,03;79,32857143
2012;Medellin;34;90,71571429;81,68714286
2013;Barranquilla;34;81,2;100,4685714
2013;Bogota;34;77,93142857;82,31428571
2013;Cali;34;80,93285714;79,25
2013;Medellin;34;88,77571429;81,59428571
2014;Barranquilla;34;80,07;100,5257143
2014;Bogota;34;77,43571429;82,31142857
2014;Cali;34;80,09285714;79,25571429
2014;Medellin;34;90,56428571;81,59
2015;Barranquilla;34;82,56428571;100,4342857
2015;Bogota;34;73,01714286;82,28857143
2015;Cali;34;78,22857143;79,23857143
2015;Medellin;34;87,58857143;81,58428571
2016;Barranquilla;34;81,73428571;100,4814286
2016;Bogota;34;68,03571429;82,36857143
2016;Cali;34;72,62;79,28
2016;Medellin;34;83,34285714;81,66
2017;Bogota;34;76,77285714;82,36142857
2017;Cali;34;81,68428571;79,28714286
2017;Medellin;34;87,39428571;81,65285714
2017;Barranquilla;34;84,46571429;100,5514286
2018;Bogota;34;77,43571429;82,42857143
2018;Cali;34;78,56857143;79,33142857
2018;Medellin;34;83,50428571;81,69571429
2018;Barranquilla;34;85,82142857;100,57
2019;Bogota;34;76,25857143;82,45571429
2019;Cali;34;75,74571429;79,35
2019;Medellin;34;82,00428571;81,71714286
2019;Barranquilla;34;83,93857143;100,5557143
2020;Bogota;34;79,81857143;82,34571429
2020;Barranquilla;34;82,99714286;100,5642857
2010;Barranquilla;35;84,57285714;100,6157143
2010;Bogota;35;77,73;82,39142857
2010;Cali;35;80,73857143;79,32714286
2010;Medellin;35;91,55285714;81,66285714
2011;Barranquilla;35;84,04857143;100,5928571
2011;Bogota;35;75,49285714;82,39428571
2011;Cali;35;78,78285714;79,31571429
2011;Medellin;35;85,30857143;81,68571429
2012;Bogota;35;76,82;82,42285714
2012;Cali;35;75,16714286;79,30857143
2012;Medellin;35;83,87285714;81,7
2013;Barranquilla;35;82,15857143;100,5971429
2013;Bogota;35;77,71;82,41285714
2013;Cali;35;77,39428571;79,31571429
2013;Medellin;35;87,52571429;81,68142857
2014;Barranquilla;35;79,73;100,5385714
2014;Bogota;35;75,44714286;82,39142857
2014;Cali;35;77,52142857;79,30857143
2014;Medellin;35;83,66285714;81,67714286
2015;Barranquilla;35;80,87142857;100,5
2015;Bogota;35;69,02714286;82,39857143
2015;Cali;35;72,43857143;79,31714286
2015;Medellin;35;82,53571429;81,67714286
2016;Barranquilla;35;82,66428571;100,5985714
2016;Bogota;35;70,25285714;82,40714286
2016;Cali;35;77,07857143;79,35
2016;Medellin;35;88,32714286;81,70285714
2017;Bogota;35;77,14428571;82,43142857
2017;Cali;35;81,08714286;79,36142857
2017;Medellin;35;87,57428571;81,71285714
2017;Barranquilla;35;84,37571429;100,6128571
2018;Bogota;35;76,92714286;82,34142857
2018;Cali;35;81,15571429;79,26714286
2018;Medellin;35;84,95714286;81,62285714
2018;Barranquilla;35;86,22571429;100,5057143
2019;Bogota;35;73,97142857;82,37142857
2019;Cali;35;75,08571429;79,29428571
2019;Medellin;35;79,59714286;81,64571429
2019;Barranquilla;35;85,16571429;100,4728571
2020;Bogota;35;78,07857143;82,39
2020;Cali;35;82,38571429;79,33571429
2020;Medellin;35;88,98714286;81,67857143
2020;Barranquilla;35;81,64857143;100,6085714
2010;Bogota;36;78,72428571;82,49714286
2010;Cali;36;80,85857143;79,42571429
2010;Medellin;36;90,39571429;81,75714286
2011;Barranquilla;36;82,25714286;100,6157143
2011;Bogota;36;77,78142857;82,40142857
2011;Cali;36;81,46857143;79,33
2011;Medellin;36;88,21;81,67714286
2012;Barranquilla;36;84,99428571;100,6314286
2012;Bogota;36;75,20571429;82,47
2012;Cali;36;75,83;79,38142857
2012;Medellin;36;84,85;81,74714286
2013;Barranquilla;36;82,92571429;100,6257143
2013;Bogota;36;79,21428571;82,39857143
2014;Bogota;36;74,27;82,30714286
2014;Cali;36;77,41571429;79,25142857
2014;Medellin;36;84,89714286;81,60571429
2015;Barranquilla;36;82,69571429;100,4142857
2015;Cali;36;76,81285714;79,25714286
2015;Medellin;36;82,36142857;81,59857143
2016;Barranquilla;36;83,22285714;100,6557143
2016;Bogota;36;72,39285714;82,44142857
2016;Cali;36;77,81;79,37571429
2016;Medellin;36;88,60857143;81,73142857
2017;Bogota;36;79,00428571;82,38142857
2017;Cali;36;83,80428571;79,32285714
2017;Barranquilla;36;84,05285714;100,5985714
2018;Bogota;36;77,09428571;82,35857143
2018;Cali;36;78,68142857;79,27428571
2018;Medellin;36;86,75857143;81,63142857
2018;Barranquilla;36;85,61428571;100,5485714
2019;Bogota;36;73,13;82,45571429
2019;Cali;36;74,37857143;79,37428571
2019;Medellin;36;77,17571429;81,72428571
2019;Barranquilla;36;84,66857143;100,5857143
2020;Bogota;36;79,13285714;82,30285714
2020;Cali;36;83,61142857;79,25285714
2020;Medellin;36;89,17428571;81,58142857
2020;Barranquilla;36;82,11571429;100,49
2010;Barranquilla;37;81,25857143;100,5242857
2010;Bogota;37;76,52428571;82,31285714
2010;Cali;37;79,90285714;79,25428571
2010;Medellin;37;89,29571429;81,57714286
2011;Barranquilla;37;83,98857143;100,6857143
2011;Bogota;37;76,91428571;82,45428571
2011;Cali;37;80,22285714;79,36714286
2011;Medellin;37;87,00142857;81,72714286
2012;Barranquilla;37;83,46571429;100,5342857
2012;Bogota;37;75,46285714;82,36571429
2012;Cali;37;75,82142857;79,28142857
2012;Medellin;37;85,18428571;81,65428571
2013;Barranquilla;37;83,94428571;100,4585714
2013;Bogota;37;81,16571429;82,26142857
2013;Cali;37;83,83142857;79,20428571
2014;Barranquilla;37;83,14857143;100,5171429
2014;Bogota;37;76,52857143;82,31857143
2014;Cali;37;81,37428571;79,27
2014;Medellin;37;91,00714286;81,61571429
2015;Barranquilla;37;83,30285714;100,5114286
2015;Bogota;37;67,84285714;82,37857143
2015;Cali;37;73,20142857;79,31285714
2015;Medellin;37;80,58571429;81,66714286
2016;Barranquilla;37;86,33428571;100,66
2016;Bogota;37;75,09142857;82,45714286
2016;Cali;37;83,30714286;79,39857143
2016;Medellin;37;88,27571429;81,75
2017;Barranquilla;37;84,31428571;100,6057143
2017;Bogota;37;75,42285714;82,38714286
2017;Cali;37;82,58285714;79,34857143
2018;Bogota;37;81,26857143;82,29857143
2018;Cali;37;86,82571429;79,24285714
2018;Medellin;37;90,53;81,57571429
2018;Barranquilla;37;83,24285714;100,5
2019;Bogota;37;74,27857143;82,33285714
2019;Cali;37;75,55285714;79,27142857
2019;Medellin;37;79,15;81,61142857
2020;Bogota;37;74,90142857;82,36571429
2020;Cali;37;79,08714286;79,30285714
2020;Medellin;37;86,86;81,64714286
2010;Barranquilla;38;82,91857143;100,6128571
2010;Bogota;38;80,69571429;82,31
2010;Cali;38;84,62714286;79,24285714
2010;Medellin;38;90,08571429;81,58857143
2011;Barranquilla;38;82,78571429;100,6314286
2011;Bogota;38;78,75285714;82,39285714
2011;Cali;38;84,06;79,32
2011;Medellin;38;90,31571429;81,66285714
2012;Barranquilla;38;84,31857143;100,5157143
2012;Bogota;38;75,98142857;82,35
2012;Cali;38;80,26285714;79,29714286
2012;Medellin;38;90,37857143;81,64714286
2013;Barranquilla;38;84,35142857;100,4657143
2013;Bogota;38;73,86571429;82,32571429
2013;Cali;38;75,69571429;79,26142857
2013;Medellin;38;85,41857143;81,62428571
2014;Barranquilla;38;83,28857143;100,6171429
2014;Bogota;38;81,35428571;82,39428571
2014;Cali;38;85,23857143;79,33
2014;Medellin;38;89,16;81,66857143
2015;Barranquilla;38;85,81571429;100,3771429
2015;Bogota;38;69,97285714;82,25714286
2015;Cali;38;77,18285714;79,20285714
2015;Medellin;38;86,17142857;81,54857143
2016;Bogota;38;70,31428571;82,36142857
2016;Cali;38;76,53428571;79,27857143
2016;Medellin;38;86,29285714;81,64571429
2017;Barranquilla;38;82,97571429;100,5428571
2017;Bogota;38;79,63714286;82,36714286
2017;Medellin;38;90,68142857;81,63714286
2018;Bogota;38;74,36285714;82,26142857
2018;Cali;38;77,75428571;79,19857143
2018;Medellin;38;84,65285714;81,55
2018;Barranquilla;38;85,65714286;100,3971429
2019;Bogota;38;82,3;82,39285714
2019;Cali;38;86,22285714;79,34571429
2019;Medellin;38;90,10428571;81,65857143
2019;Barranquilla;38;80,69142857;100,6485714
2020;Cali;38;83,10428571;79,3
2020;Barranquilla;38;80,52;100,5657143
2010;Barranquilla;39;83,01428571;100,6442857
2010;Bogota;39;82,62285714;82,30857143
2010;Cali;39;84,16857143;79,25714286
2010;Medellin;39;90,85571429;81,59571429
2011;Barranquilla;39;84,6;100,5328571
2011;Cali;39;80,57428571;79,28428571
2011;Medellin;39;87,93571429;81,63285714
2012;Barranquilla;39;82,63714286;100,5871429
2012;Bogota;39;78,21428571;82,37285714
2012;Cali;39;81,66142857;79,29142857
2012;Medellin;39;90,03571429;81,65714286
2013;Barranquilla;39;84,51142857;100,5528571
2013;Bogota;39;76,8;82,34428571
2013;Cali;39;79,46428571;79,29285714
2013;Medellin;39;89,97;81,64428571
2014;Barranquilla;39;82,69571429;100,5128571
2014;Cali;39;76,27571429;79,27285714
2014;Medellin;39;87,14285714;81,62571429
2015;Barranquilla;39;84,16142857;100,3585714
2015;Cali;39;71,39285714;79,19
2015;Medellin;39;78,30857143;81,53857143
2016;Barranquilla;39;84,00142857;100,56
2016;Bogota;39;69,99571429;82,38285714
2016;Cali;39;79,40428571;79,33285714
2016;Medellin;39;87,52571429;81,68714286
2017;Barranquilla;39;83,66571429;100,5128571
2017;Bogota;39;77,79142857;82,30428571
2017;Cali;39;83,85571429;79,25857143
2017;Medellin;39;90,46714286;81,57857143
2018;Bogota;39;76,36428571;82,26714286
2018;Cali;39;81,42428571;79,21285714
2018;Medellin;39;89,01571429;81,54285714
2018;Barranquilla;39;86,16714286;100,4714286
2019;Bogota;39;76,40714286;82,41857143
2019;Cali;39;84,14571429;79,37
2019;Medellin;39;87,99428571;81,68714286
2019;Barranquilla;39;80,84714286;100,6114286
2020;Bogota;39;73,83428571;82,35428571
2020;Cali;39;79,64857143;79,30142857
2020;Medellin;39;85,58285714;81,64
2020;Barranquilla;39;80,44;100,5485714
2010;Barranquilla;40;85,77857143;100,6214286
2010;Bogota;40;83,99714286;82,36285714
2010;Cali;40;85,95714286;79,30571429
2010;Medellin;40;92,55857143;81,63285714
2011;Barranquilla;40;84,69428571;100,5071429
2011;Bogota;40;83,74428571;82,29428571
2011;Cali;40;88,94857143;79,24857143
2011;Medellin;40;93,25571429;81,56428571
2012;Barranquilla;40;84,23857143;100,5071429
2012;Bogota;40;78,94571429;82,31571429
2012;Cali;40;81,46857143;79,25857143
2012;Medellin;40;89,2;81,59428571
2013;Barranquilla;40;84,65428571;100,5185714
2013;Bogota;40;77,78;82,33142857
2013;Cali;40;78,25;79,26857143
2013;Medellin;40;88,12714286;81,62142857
2014;Barranquilla;40;85,49428571;100,4385714
2014;Bogota;40;78,38857143;82,29428571
2014;Medellin;40;89,11142857;81,58142857
2015;Barranquilla;40;82,93571429;100,4257143
2015;Bogota;40;66,89285714;82,26285714
2015;Cali;40;78,44857143;79,22285714
2015;Medellin;40;82,03857143;81,55428571
2016;Barranquilla;40;85,55;100,4371429
2016;Cali;40;86,70714286;79,23428571
2017;Barranquilla;40;83,52857143;100,6114286
2017;Bogota;40;80,88857143;82,32714286
2017;Cali;40;88,21;79,27285714
2017;Medellin;40;90,84857143;81,62
2018;Bogota;40;81,24857143;82,33714286
2018;Cali;40;84,20285714;79,27
2018;Medellin;40;91,38571429;81,60571429
2018;Barranquilla;40;84,27571429;100,63
2019;Bogota;40;79,05857143;82,32142857
2019;Cali;40;86,71857143;79,27428571
2019;Medellin;40;87,80714286;81,62142857
2019;Barranquilla;40;83,68428571;100,5371429
2020;Cali;40;80,99285714;79,23571429
2020;Medellin;40;86,56;81,57285714
2020;Barranquilla;40;80,37;100,5042857
2010;Bogota;41;76,41285714;82,33857143
2010;Cali;41;77,95714286;79,27
2010;Medellin;41;86,38;81,62714286
2011;Barranquilla;41;82,34285714;100,5942857
2011;Bogota;41;85,62428571;82,29571429
2011;Cali;41;87,62;79,24714286
2012;Barranquilla;41;83,23571429;100,5642857
2012;Bogota;41;81,32428571;82,32714286
2012;Medellin;41;90,19857143;81,61571429
2013;Barranquilla;41;85,45571429;100,4614286
2013;Bogota;41;79,87142857;82,27
2013;Cali;41;86,41285714;79,21285714
2013;Medellin;41;90,63857143;81,56
2014;Barranquilla;41;86,97857143;100,5542857
2014;Bogota;41;83,93;82,31142857
2014;Cali;41;86,82;79,25714286
2014;Medellin;41;92,35714286;81,58857143
2015;Barranquilla;41;86,42857143;100,4814286
2015;Bogota;41;73,40285714;82,29571429
2015;Medellin;41;90,64;81,58
2016;Barranquilla;41;86,02;100,4914286
2016;Cali;41;88,05571429;79,23
2017;Barranquilla;41;84,08428571;100,42
2017;Bogota;41;80,00428571;82,26
2017;Cali;41;84,96714286;79,20428571
2017;Medellin;41;87,80714286;81,54
2018;Bogota;41;86,53;82,40714286
2018;Cali;41;84,80571429;79,36142857
2018;Medellin;41;89,01285714;81,68857143
2019;Bogota;41;79,04714286;82,26285714
2019;Cali;41;85,28428571;79,21
2019;Medellin;41;88,96142857;81,53571429
2019;Barranquilla;41;83,90428571;100,49
2020;Bogota;41;70,53571429;82,37285714
2020;Cali;41;79,35428571;79,31857143
2020;Medellin;41;84,88714286;81,64857143
2020;Barranquilla;41;79,16142857;100,5328571
2010;Barranquilla;42;84,93428571;100,6571429
2010;Bogota;42;82,77571429;82,37571429
2010;Cali;42;86,83571429;79,31428571
2010;Medellin;42;92,15714286;81,64714286
2011;Barranquilla;42;86,66428571;100,7357143
2011;Bogota;42;89,20285714;82,36142857
2011;Cali;42;88,91714286;79,32714286
2011;Medellin;42;88,89857143;81,66571429
2012;Barranquilla;42;85,43428571;100,5828571
2012;Bogota;42;88,46714286;82,30857143
2012;Cali;42;89,31714286;79,25714286
2012;Medellin;42;92,22142857;81,56428571
2013;Bogota;42;80,26142857;82,33571429
2013;Cali;42;84,71142857;79,28142857
2013;Medellin;42;90,41428571;81,62428571
2014;Barranquilla;42;83,84285714;100,6685714
2014;Bogota;42;80,58571429;82,38857143
2014;Cali;42;84,72714286;79,32142857
2014;Medellin;42;91,38714286;81,66428571
2015;Barranquilla;42;84,53714286;100,54
2015;Bogota;42;72,74714286;82,37142857
2015;Cali;42;79,72142857;79,31142857
2016;Barranquilla;42;85,94428571;100,5371429
2016;Bogota;42;74,51857143;82,31
2016;Cali;42;81,42;79,26857143
2016;Medellin;42;90,53285714;81,60714286
2017;Barranquilla;42;85,29428571;100,3542857
2017;Bogota;42;77,75571429;82,25857143
2017;Cali;42;83,76428571;79,2
2017;Medellin;42;87,74142857;81,55
2018;Barranquilla;42;83,53142857;100,5214286
2018;Bogota;42;84,75285714;82,27714286
2018;Medellin;42;92,66142857;81,55571429
2019;Bogota;42;81,99714286;82,39142857
2019;Cali;42;87,86571429;79,34
2019;Medellin;42;91,79428571;81,66857143
2019;Barranquilla;42;83,30428571;100,6571429
2020;Bogota;42;69,54571429;82,22571429
2020;Cali;42;81,97714286;79,16857143
2020;Medellin;42;88,24;81,49142857
2020;Barranquilla;42;80,51285714;100,3957143
2010;Barranquilla;43;84,29428571;100,4985714
2010;Bogota;43;84,47428571;82,25714286
2010;Cali;43;88,61;79,22142857
2010;Medellin;43;91,79285714;81,53857143
2011;Barranquilla;43;82,35571429;100,4971429
2011;Cali;43;87,78142857;79,17857143
2011;Medellin;43;89,95714286;81,50285714
2012;Barranquilla;43;83,89142857;100,4342857
2012;Bogota;43;81,21571429;82,20857143
2013;Barranquilla;43;84,29;100,4771429
2013;Bogota;43;76,92857143;82,29
2013;Cali;43;82,48571429;79,23285714
2013;Medellin;43;89,40285714;81,59
2014;Barranquilla;43;83,78285714;100,5442857
2014;Bogota;43;84,72;82,33571429
2014;Medellin;43;92,17;81,60142857
2015;Barranquilla;43;80,91714286;100,5842857
2015;Bogota;43;76,42857143;82,38571429
2015;Cali;43;82,07571429;79,32428571
2016;Bogota;43;82,67142857;82,26
2016;Cali;43;87,12142857;79,23
2016;Medellin;43;91,25;81,55
2017;Barranquilla;43;83,07142857;100,54
2017;Bogota;43;82,55857143;82,32285714
2017;Cali;43;89,00142857;79,25571429
2017;Medellin;43;91,43285714;81,61285714
2018;Bogota;43;83,76285714;82,29571429
2018;Cali;43;85,90857143;79,24142857
2018;Medellin;43;92,55142857;81,54428571
2019;Bogota;43;82,80428571;82,28571429
2019;Cali;43;87,91428571;79,22571429
2019;Medellin;43;90,42;81,55285714
2019;Barranquilla;43;83,86428571;100,5114286
2020;Bogota;43;72,07285714;82,3
2020;Cali;43;84,16;79,26714286
2020;Medellin;43;88,51571429;81,59714286
2010;Barranquilla;44;86,09142857;100,4871429
2010;Bogota;44;86,18;82,26857143
2010;Cali;44;88,86;79,22714286
2010;Medellin;44;92,97428571;81,53428571
2011;Bogota;44;83,48;82,25
2011;Cali;44;85,45428571;79,18428571
2011;Medellin;44;90,67857143;81,52428571
2012;Barranquilla;44;84,03571429;100,6014286
2012;Bogota;44;80,29428571;82,32142857
2012;Cali;44;85,56428571;79,27142857
2012;Medellin;44;90,26857143;81,59571429
2013;Barranquilla;44;80,81142857;100,5457143
2013;Bogota;44;88,54571429;82,27428571
2013;Cali;44;90,61285714;79,24142857
2013;Medellin;44;91,14857143;81,54428571
2014;Barranquilla;44;84,34142857;100,4785714
2014;Bogota;44;83,75571429;82,25428571
2014;Cali;44;89,62571429;79,21285714
2014;Medellin;44;91,22142857;81,54285714
2015;Barranquilla;44;81,66142857;100,58
2015;Bogota;44;80,49428571;82,34857143
2015;Medellin;44;89,92428571;81,62571429
2016;Barranquilla;44;83,82428571;100,5428571
2016;Bogota;44;84,97285714;82,3
2016;Cali;44;88,08142857;79,24714286
2016;Medellin;44;91,67714286;81,58
2017;Barranquilla;44;81,34285714;100,56
2017;Bogota;44;87,26571429;82,30857143
2017;Cali;44;90,60285714;79,26714286
2017;Medellin;44;90,50285714;81,59285714
2018;Barranquilla;44;83,71714286;100,5728571
2018;Bogota;44;80,13714286;82,33142857
2018;Cali;44;86,30428571;79,28428571
2018;Medellin;44;92,23;81,61142857
2019;Bogota;44;83,08;82,24571429
2019;Cali;44;86,51714286;79,19857143
2019;Medellin;44;89,14285714;81,54285714
2019;Barranquilla;44;85,41142857;100,44
2020;Bogota;44;80,45571429;82,27285714
2020;Cali;44;86,86714286;79,25142857
2020;Medellin;44;89,45571429;81,55428571
2020;Barranquilla;44;77,57142857;100,5285714
2010;Barranquilla;45;86,40857143;100,5571429
2010;Bogota;45;87,20571429;82,25142857
2010;Cali;45;89,50571429;79,21142857
2010;Medellin;45;91,17714286;81,51857143
2011;Barranquilla;45;85,51857143;100,4585714
2011;Cali;45;89,58571429;79,18
2011;Medellin;45;91,90142857;81,52142857
2012;Barranquilla;45;83,84428571;100,42
2012;Bogota;45;78,62285714;82,21
2012;Cali;45;84,97571429;79,17428571
2012;Medellin;45;88,59142857;81,51142857
2013;Barranquilla;45;83,87571429;100,5185714
2013;Bogota;45;86,70857143;82,25285714
2013;Cali;45;88,75428571;79,20285714
2013;Medellin;45;91,07142857;81,52428571
2014;Barranquilla;45;85,99;100,5371429
2014;Bogota;45;86,42571429;82,27714286
2014;Medellin;45;94,62142857;81,53285714
2015;Barranquilla;45;83,24857143;100,5157143
2015;Bogota;45;81,34;82,32285714
2015;Cali;45;85,25142857;79,26142857
2015;Medellin;45;91,84285714;81,60428571
2016;Barranquilla;45;84,72428571;100,5485714
2016;Bogota;45;82,61857143;82,31857143
2016;Cali;45;88,10571429;79,26142857
2016;Medellin;45;91,67;81,60285714
2017;Barranquilla;45;84,19571429;100,4614286
2017;Bogota;45;86,30285714;82,2
2017;Cali;45;89,43428571;79,15571429
2017;Medellin;45;92,72428571;81,47
2018;Barranquilla;45;84,74142857;100,4585714
2018;Bogota;45;85,35857143;82,22285714
2018;Cali;45;89,90428571;79,17285714
2018;Medellin;45;92,45428571;81,49714286
2019;Bogota;45;82,48;82,20571429
2019;Cali;45;88,24142857;79,15571429
2019;Medellin;45;89,52428571;81,49285714
2020;Bogota;45;81,2;82,3
2020;Cali;45;85,88857143;79,24142857
2020;Medellin;45;89,98571429;81,58285714
2020;Barranquilla;45;77,64428571;100,5885714
2010;Barranquilla;46;86,70428571;100,6571429
2010;Cali;46;91,61714286;79,29285714
2011;Barranquilla;46;83,96857143;100,51
2011;Bogota;46;89,43285714;82,24857143
2011;Cali;46;89,96285714;79,20142857
2011;Medellin;46;93,62714286;81,51857143
2012;Barranquilla;46;83,01428571;100,51
2012;Bogota;46;87,15142857;82,26857143
2012;Cali;46;88,57;79,21
2012;Medellin;46;93,1;81,54428571
2013;Barranquilla;46;83,07857143;100,3471429
2013;Bogota;46;84,48714286;82,15428571
2013;Cali;46;88,57428571;79,11857143
2013;Medellin;46;92,79857143;81,44285714
2014;Barranquilla;46;83,27857143;100,5757143
2014;Bogota;46;85,96285714;82,33428571
2014;Cali;46;87,45142857;79,29285714
2014;Medellin;46;91,19857143;81,62571429
2015;Barranquilla;46;86,49857143;100,3785714
2015;Bogota;46;78,37;82,18857143
2015;Cali;46;84,20142857;79,13142857
2015;Medellin;46;90,02857143;81,47428571
2016;Barranquilla;46;84,42;100,4828571
2016;Bogota;46;85,11428571;82,23285714
2016;Cali;46;88,85714286;79,20571429
2016;Medellin;46;90,29857143;81,52
2017;Bogota;46;87,01428571;82,23
2017;Cali;46;89,10428571;79,21857143
2017;Medellin;46;90,81285714;81,54285714
2018;Barranquilla;46;87,21571429;100,4242857
2018;Cali;46;88,00714286;79,2
2018;Medellin;46;93,89571429;81,53142857
2019;Bogota;46;89,09142857;82,23714286
2019;Cali;46;92,36;79,20571429
2019;Medellin;46;93,94285714;81,50857143
2019;Barranquilla;46;84,03142857;100,5128571
2020;Bogota;46;85,18142857;82,34714286
2020;Cali;46;88,59285714;79,31142857
2020;Medellin;46;88,78;81,63714286
2010;Barranquilla;47;84,32428571;100,5
2010;Bogota;47;85,54;82,18857143
2010;Cali;47;90,76142857;79,14285714
2010;Medellin;47;91,69428571;81,47857143
2011;Barranquilla;47;83,65857143;100,6442857
2011;Bogota;47;88,22285714;82,33714286
2011;Cali;47;90,16571429;79,27714286
2011;Medellin;47;92,00142857;81,61
2012;Barranquilla;47;83,45428571;100,5214286
2012;Bogota;47;85,95142857;82,25857143
2012;Cali;47;87,83714286;79,23142857
2012;Medellin;47;91,90571429;81,55571429
2013;Barranquilla;47;80,69428571;100,5028571
2013;Bogota;47;86,63571429;82,23571429
2013;Cali;47;90,66142857;79,18428571
2014;Barranquilla;47;81,32428571;100,48
2014;Bogota;47;85,37571429;82,25714286
2014;Cali;47;90,39428571;79,21571429
2014;Medellin;47;92,61857143;81,53714286
2015;Barranquilla;47;81,48714286;100,41
2015;Bogota;47;83,16714286;82,19142857
2015;Cali;47;86,43;79,13714286
2015;Medellin;47;91,62857143;81,46428571
2016;Barranquilla;47;83,67;100,5085714
2016;Bogota;47;85,16142857;82,22
2016;Cali;47;85,67714286;79,18142857
2016;Medellin;47;88,54714286;81,51571429
2017;Barranquilla;47;82,64285714;100,5214286
2017;Bogota;47;86,72;82,23714286
2017;Medellin;47;92,12714286;81,52285714
2018;Barranquilla;47;84,52428571;100,4985714
2018;Bogota;47;86,20857143;82,27285714
2018;Cali;47;90,42428571;79,23285714
2018;Medellin;47;93,17142857;81,55285714
2019;Bogota;47;87,72285714;82,29
2019;Medellin;47;89,30714286;81,55714286
2019;Barranquilla;47;80,61714286;100,5842857
2020;Bogota;47;80,72142857;82,26285714
2020;Cali;47;88,91428571;79,22142857
2020;Medellin;47;90,26142857;81,54857143
2020;Barranquilla;47;79,71714286;100,5171429
2010;Barranquilla;48;86,60714286;100,4742857
2010;Bogota;48;87,68285714;82,17571429
2010;Cali;48;90,30571429;79,13
2010;Medellin;48;92,94857143;81,46142857
2011;Barranquilla;48;84,6;100,5185714
2011;Bogota;48;88,36714286;82,22285714
2011;Cali;48;89,91428571;79,18285714
2011;Medellin;48;92,53857143;81,49857143
2012;Barranquilla;48;79,87714286;100,5657143
2012;Bogota;48;84,82714286;82,30428571
2012;Cali;48;89,72857143;79,27142857
2012;Medellin;48;91,92285714;81,58857143
2013;Barranquilla;48;78,78571429;100,5071429
2013;Bogota;48;86,56857143;82,21
2013;Cali;48;91,12142857;79,16142857
2013;Medellin;48;92,62714286;81,48285714
2014;Barranquilla;48;81,63285714;100,4257143
2014;Bogota;48;80,66;82,18428571
2014;Cali;48;84,15857143;79,13857143
2014;Medellin;48;90,76;81,48714286
2015;Barranquilla;48;82,9;100,3357143
2015;Cali;48;80,53285714;79,13142857
2015;Medellin;48;88,04857143;81,47
2016;Barranquilla;48;84,48857143;100,4942857
2016;Bogota;48;85,96;82,26
2016;Cali;48;88,60285714;79,21285714
2016;Medellin;48;91,96;81,53142857
2017;Barranquilla;48;82,82571429;100,4457143
2017;Bogota;48;84,47428571;82,21142857
2017;Cali;48;88,81714286;79,17142857
2017;Medellin;48;91,68142857;81,50571429
2018;Bogota;48;86,56857143;82,30714286
2018;Cali;48;90,47857143;79,26
2019;Barranquilla;48;83,71142857;100,4257143
2019;Bogota;48;81,21714286;82,25285714
2019;Medellin;48;90,33;81,53571429
2020;Bogota;48;79,40571429;82,26142857
2020;Cali;48;88,99142857;79,20857143
2020;Medellin;48;88,40571429;81,53857143
2020;Barranquilla;48;78,62714286;100,4685714
2010;Barranquilla;49;87,10714286;100,58
2010;Bogota;49;83,63571429;82,23
2010;Cali;49;87,27142857;79,17857143
2010;Medellin;49;91,66857143;81,50857143
2011;Barranquilla;49;82,26571429;100,4671429
2011;Bogota;49;87,78142857;82,16857143
2011;Cali;49;91,19;79,12428571
2011;Medellin;49;91,51857143;81,45142857
2012;Barranquilla;49;79,10142857;100,5757143
2012;Bogota;49;84,51857143;82,24714286
2012;Cali;49;89,73428571;79,21
2012;Medellin;49;90,34142857;81,53285714
2013;Bogota;49;83,92857143;82,31428571
2013;Cali;49;87,70714286;79,25571429
2013;Medellin;49;91,82;81,59428571
2014;Bogota;49;83,17285714;82,21142857
2014;Cali;49;88,47571429;79,15571429
2014;Medellin;49;94,23571429;81,48285714
2015;Barranquilla;49;82,38571429;100,5
2015;Bogota;49;71,39142857;82,32714286
2015;Cali;49;78,65714286;79,26857143
2015;Medellin;49;89,01;81,63142857
2016;Bogota;49;84,89857143;82,32857143
2016;Cali;49;90,97714286;79,26714286
2016;Medellin;49;92,99;81,61285714
2017;Barranquilla;49;84,05285714;100,4342857
2017;Bogota;49;80,56428571;82,21857143
2017;Cali;49;88,01428571;79,17857143
2017;Medellin;49;89,01428571;81,5
2018;Barranquilla;49;79,74857143;100,6871429
2018;Bogota;49;82,92571429;82,37428571
2018;Medellin;49;89,64857143;81,63857143
2019;Barranquilla;49;83,79428571;100,5742857
2019;Cali;49;87,71714286;79,27714286
2019;Medellin;49;88,37714286;81,62142857
2020;Bogota;49;75,11;82,28571429
2020;Cali;49;87,87142857;79,24285714
2020;Medellin;49;86,81142857;81,58285714
2010;Barranquilla;50;86,09714286;100,48
2010;Bogota;50;87,21;82,14
2010;Cali;50;89,75428571;79,9714286
2010;Medellin;50;91,32428571;81,42285714
2011;Barranquilla;50;88,06285714;100,5171429
2011;Bogota;50;87,34428571;82,20571429
2011;Cali;50;90,00142857;79,17571429
2011;Medellin;50;91,77142857;81,51428571
2012;Barranquilla;50;78,60714286;100,4614286
2012;Bogota;50;83,13285714;82,21857143
2012;Cali;50;86,38285714;79,17714286
2012;Medellin;50;89,99;81,51
2013;Barranquilla;50;80,66714286;100,4828571
2013;Bogota;50;81,09571429;82,23714286
2013;Cali;50;86,34571429;79,19428571
2013;Medellin;50;89,63428571;81,54285714
2014;Barranquilla;50;85,05571429;100,6614286
2014;Bogota;50;86,27142857;82,34571429
2014;Cali;50;90,05;79,28142857
2014;Medellin;50;91,26571429;81,61857143
2015;Barranquilla;50;82,78428571;100,4242857
2015;Bogota;50;70,15428571;82,25857143
2015;Cali;50;79,48285714;79,20428571
2016;Barranquilla;50;84,14285714;100,5685714
2016;Bogota;50;81,08857143;82,30714286
2016;Cali;50;88,90428571;79,26714286
2017;Barranquilla;50;79,60714286;100,6371429
2017;Bogota;50;84,05714286;82,31857143
2017;Cali;50;88,10714286;79,26142857
2018;Barranquilla;50;81,29428571;100,6985714
2018;Bogota;50;77,25285714;82,43714286
2018;Cali;50;83,68428571;79,35571429
2018;Medellin;50;89,61;81,70857143
2019;Barranquilla;50;81,28571429;100,5314286
2019;Bogota;50;84,74571429;82,26285714
2019;Cali;50;89,87857143;79,21142857
2019;Medellin;50;89,88;81,56
2020;Bogota;50;67,97714286;82,26714286
2020;Cali;50;85,95285714;79,22428571
2020;Medellin;50;85,35285714;81,56714286
2020;Barranquilla;50;74,51428571;100,5614286
2010;Barranquilla;51;83,67428571;100,6171429
2010;Bogota;51;84,88285714;82,22571429
2010;Cali;51;89,22142857;79,16428571
2010;Medellin;51;89,99;81,51428571
2011;Barranquilla;51;83,67;100,5185714
2011;Cali;51;88,88285714;79,15857143
2011;Medellin;51;89,69571429;81,49571429
2012;Barranquilla;51;77,17857143;100,5071429
2012;Bogota;51;83,46142857;82,19285714
2012;Cali;51;89,24428571;79,15285714
2012;Medellin;51;92,14571429;81,50571429
2013;Bogota;51;86,23857143;82,21
2013;Cali;51;89,92142857;79,16285714
2013;Medellin;51;92,68285714;81,48142857
2014;Bogota;51;81,14714286;82,26714286
2014;Cali;51;87,83;79,21428571
2014;Medellin;51;87,83;81,57428571
2015;Barranquilla;51;79,16142857;100,3714286
2015;Bogota;51;67,72;82,21142857
2015;Cali;51;76,88285714;79,15
2015;Medellin;51;83,51285714;81,51571429
2016;Barranquilla;51;81,7;100,5771429
2016;Bogota;51;83,11285714;82,27428571
2016;Cali;51;88,45857143;79,20428571
2016;Medellin;51;88,89285714;81,54857143
2017;Barranquilla;51;79,02857143;100,5485714
2017;Bogota;51;78,72285714;82,26428571
2017;Medellin;51;85,54428571;81,55142857
2018;Barranquilla;51;81,63857143;100,61
2018;Bogota;51;76,80857143;82,33285714
2018;Medellin;51;87,87;81,60857143
2019;Barranquilla;51;84,88571429;100,3671429
2019;Bogota;51;79,69571429;82,19
2019;Medellin;51;89,86428571;81,48857143
2020;Bogota;51;71,25428571;82,22571429
2020;Cali;51;88,82142857;79,17142857
2020;Medellin;51;87,36571429;81,50714286
2020;Barranquilla;51;76,09714286;100,5042857
2010;Barranquilla;52;85,13714286;100,4785714
2010;Bogota;52;80,82571429;82,18571429
2010;Cali;52;87,94857143;79,12714286
2010;Medellin;52;88,83571429;81,47714286
2011;Barranquilla;52;85,01285714;100,6014286
2011;Bogota;52;80,66;82,29571429
2011;Medellin;52;90,57285714;81,56714286
2012;Barranquilla;52;81,15142857;100,3785714
2012;Bogota;52;80,13142857;82,19285714
2012;Cali;52;84,41142857;79,12714286
2012;Medellin;52;89,80571429;81,48285714
2013;Bogota;52;81,24285714;82,27714286
2013;Cali;52;85,77571429;79,21
2013;Medellin;52;88,57714286;81,54571429
2014;Bogota;52;78,44571429;82,27571429
2014;Cali;52;83,43;79,21714286
2014;Medellin;52;87,92857143;81,58428571
2015;Barranquilla;52;76,73285714;100,3942857
2015;Bogota;52;59,67142857;82,22
2015;Cali;52;72,73285714;79,15857143
2015;Medellin;52;78,59714286;81,52142857
2016;Barranquilla;52;82,76;100,5514286
2016;Bogota;52;81,44285714;82,23142857
2016;Cali;52;89,56285714;79,18285714
2017;Barranquilla;52;82,01571429;100,6442857
2017;Bogota;52;86,98714286;82,30428571
2017;Cali;52;91,44;79,24428571
2017;Medellin;52;90,90714286;81,58714286
2018;Barranquilla;52;76,53571429;100,4471429
2018;Bogota;52;75,10428571;82,18714286
2018;Cali;52;79,13714286;79,9571429
2019;Barranquilla;52;84,81142857;100,3785714
2019;Bogota;52;80,98142857;82,20714286
2019;Cali;52;86,75571429;79,17
2019;Medellin;52;89,87571429;81,5
2020;Bogota;52;80,57285714;82,20142857
2020;Cali;52;91,03285714;79,17571429
2020;Medellin;52;89,15714286;81,48428571
2020;Barranquilla;52;78,09428571;100,5457143
2010;Barranquilla;53;82,39;100,46
2010;Cali;53;86,77;79,8
2010;Medellin;53;83,22;81,45
2011;Barranquilla;53;85,21;100,54
2011;Bogota;53;76,52;82,25
2011;Cali;53;87,39;79,21
2011;Medellin;53;86,9;81,54
2012;Barranquilla;53;75,44;100,565
2012;Bogota;53;74,89;82,295
2012;Cali;53;83,28;79,235
2012;Medellin;53;85,45;81,61
2013;Barranquilla;53;75,23;100,47
2013;Bogota;53;77,29;82,23
2013;Cali;53;83,52;79,2
2013;Medellin;53;88,59;81,55
2014;Barranquilla;53;76,28;100,53
2014;Bogota;53;75,54;82,27
2014;Medellin;53;84,46;81,57
2015;Barranquilla;53;75,5;100,37
2015;Bogota;53;63,49;82,2
2015;Cali;53;72,72;79,16
2016;Barranquilla;53;84,755;100,585
2016;Bogota;53;83,205;82,305
2016;Cali;53;88,725;79,22
2016;Medellin;53;89,44;81,57
2017;Barranquilla;53;84,12;100,77
2017;Bogota;53;87,53;82,43
2017;Cali;53;93,29;79,33
2017;Medellin;53;90,11;81,69
2018;Barranquilla;53;77,01;100,45
2018;Bogota;53;75,16;82,2
2018;Cali;53;76,13;79,1
2019;Barranquilla;53;78,42;100,56
2019;Bogota;53;88,27;82,3
2019;Cali;53;90,49;79,25
2019;Medellin;53;93,9;81,6
2020;Barranquilla;53;75,745;100,61
2020;Bogota;53;87,6;82,245
2020;Cali;53;92,665;79,185
